filename,berv,snr,nan_count,flux_median,wavelength_start,wavelength_end
2493563t.fits,4.50593537534713,150.05800230145695,949,0.12477764598124373,1280.7484450833167,1321.2490619512607
3018470t.fits,22.27125572121056,198.45834088396174,936,0.18275409973096451,1280.7443215946805,1321.2480177061902
2869215t.fits,24.369199029509918,177.4612582108364,957,0.1346024927107424,1280.7465096732215,1321.2485446894045
2488337t.fits,15.293927508797616,160.15846538368478,930,0.13742781247913133,1280.74815197841,1321.2490436399366
2746502t.fits,24.03184627318297,164.33176109630622,927,0.11153584426591917,1280.748763166918,1321.2493405569935
2502850t.fits,-15.478426600468385,136.120564531978,932,0.09259386161085853,1280.7484287888497,1321.249143991453
2425920t.fits,2.354243184844226,147.379190432025,976,0.2855103940151445,1280.7530963539823,1321.2541609600867
3014920t.fits,25.800304728823907,192.54261274138358,928,0.16189414182499925,1280.7441407924427,1321.2476893592582
2623782t.fits,-11.925117285554554,192.7924265217546,935,0.1505278788715772,1280.7486902014252,1321.2492325286096
2540884t.fits,-18.940244917336308,121.03918641934506,977,0.07049386699731469,1280.7485550043314,1321.2491711101552
2437201t.fits,-26.17309405970509,153.28976415978772,964,0.13608170768161137,1280.752761509438,1321.2539468075236
3024018t.fits,2.6820748977045894,161.76055114492632,924,0.12120102554093644,1280.7443512474415,1321.2481039955105
2632161t.fits,-22.84726008075814,191.75916122598838,923,0.15136799623513925,1280.7488324151332,1321.249244739075
2900854t.fits,-25.738014332721253,198.18710015894973,940,0.13113350451030642,1280.747276074566,1321.2485042779008
2619508t.fits,-1.7346067496970183,181.25273733890694,926,0.1530707899529972,1280.7487918105537,1321.2491633197067
2515173t.fits,-26.163626455566597,82.34200051483585,962,0.03730626437320017,1280.7483588139933,1321.2491701411266
2447654t.fits,-24.816301940640088,132.5708083183521,941,0.1050899091760154,1280.7526298645155,1321.253911861934
2623984t.fits,-12.25272849856751,185.59397279128157,954,0.14167274338815664,1280.748796964157,1321.2492041626317
2892515t.fits,-22.800175424188065,196.05130015870668,921,0.1348264542680948,1280.74715150538,1321.2484672117694
2400513t.fits,22.840382716089355,114.84162987965844,944,0.12453434550143547,1280.7520074655176,1321.2530014456731
2623558t.fits,-11.557426104976068,167.71100045159588,919,0.11957685763751591,1280.748761513122,1321.2491969141365
2305327t.fits,-26.32362039403221,273.3003656272727,970,0.18769759178996087,1280.7520414453998,1321.2530134643114
2759699t.fits,14.429801619253743,195.27462764146227,927,0.1388253365164801,1280.7488837838423,1321.2493058880038
2305624t.fits,-26.27188236531393,285.9236442435723,934,0.1992334351991255,1280.7519911027998,1321.2529924849207
2445937t.fits,-26.003601671213055,132.2380158407321,935,0.10751016216498724,1280.7525255235012,1321.2539142651444
2662724t.fits,-24.42329853884585,200.05124456979615,940,0.1374169315806173,1280.7488723169056,1321.2493363017907
2900519t.fits,-25.891734050271292,83.42545429369261,930,0.02924575907382995,1280.747286835964,1321.2484429868284
2425726t.fits,2.8416170231503854,138.8707624254633,960,0.25193230387435095,1280.752998021911,1321.2542501696068
2637847t.fits,-26.218053390569054,204.4258680814717,920,0.17258014662633486,1280.7488444210996,1321.2492417079648
2399970t.fits,23.476350317481035,104.79733119823044,943,0.112568003102173,1280.7519795538892,1321.25292381944
2584447t.fits,24.077375356145748,154.13286611044117,939,0.09956213271002873,1280.7487079392495,1321.2492217602748
3028424t.fits,-11.462356857452205,170.9140125162694,928,0.1342308116058586,1280.7442317238863,1321.2479272166688
2515388t.fits,-26.19138084222387,88.30370872084083,965,0.04187876958902193,1280.7483786453665,1321.249175764076
2492156t.fits,7.116306975552701,158.26912332205995,936,0.13004632427687304,1280.7482884003468,1321.2490369753607
2898833t.fits,-26.41609355694507,172.66193899213073,928,0.10538774663867617,1280.7471748200871,1321.2484462049133
2601663t.fits,26.39148619288251,184.3368751985184,926,0.13567365703153017,1280.7488139066738,1321.2492632408962
2885611t.fits,-12.372517289530766,145.0690469967083,954,0.06977814018638434,1280.7466705302775,1321.2485732230984
2990456t.fits,23.85303498477324,187.62925319187985,930,0.1305239359552115,1280.7441506805926,1321.247714385053
2920644t.fits,-21.213051678436226,187.1945191855197,933,0.1299874334349979,1280.7474414765275,1321.2484943634356
2516768t.fits,-26.184125964290494,175.16707399437269,932,0.13216330737956106,1280.7482238680866,1321.2492450678149
2733553t.fits,26.378755065023793,126.8625270527211,924,0.0739542603550548,1280.748901439112,1321.2492814967245
3036339t.fits,-21.564991882588085,191.3813552610292,942,0.16448889884180556,1280.7441582754655,1321.2477755929058
2618219t.fits,0.8299665332137536,102.55446201396522,938,0.058188529254537755,1280.7486707646603,1321.249192308141
2893204t.fits,-23.632922325156283,188.2427681525346,921,0.12511969631296416,1280.7469185019556,1321.248516608038
3062669t.fits,-26.272972872485536,110.10817354781165,932,0.0451894197752607,1280.7441654775278,1321.2477948829533
2763687t.fits,3.8054175955243585,158.10012080995477,933,0.10248659163901115,1280.7488039810478,1321.2493857561174
3036571t.fits,-22.044190385379956,155.84872607833475,951,0.11245381852594662,1280.7441477865116,1321.247798859395
2600677t.fits,26.521395388279,192.26559660480507,928,0.14602031469847784,1280.7487522891117,1321.249267897909
2889905t.fits,-17.854405879748406,169.97437374602376,930,0.10114312270048817,1280.7459477175112,1321.2485435058318
2502385t.fits,-14.35979299675084,160.83968485109125,934,0.12362953094798486,1280.7483498068,1321.2490797421844
2606740t.fits,21.501818749629997,185.42161433758693,925,0.1393648586244926,1280.748743954685,1321.2492462002924
3019201t.fits,20.780770476702134,186.9870862234595,935,0.16731441757025217,1280.7442373541373,1321.2480741449567
2921086t.fits,-20.37814898231203,178.0624189235785,932,0.11742140355345973,1280.7475372746887,1321.2485095189322
2509402t.fits,-23.73656345248368,124.38298342898061,935,0.07395272899737175,1280.7483874889656,1321.249090744751
2618779t.fits,-0.40989772208681546,134.60201380337804,946,0.09082152804435067,1280.748672185972,1321.2492133166218
2509823t.fits,-23.98984781335934,183.07567810197602,933,0.14351037616209297,1280.7485340866965,1321.2490893097709
2885771t.fits,-12.741471550937064,176.00747035851342,934,0.09869281090584106,1280.746405891235,1321.2485640885147
2872003t.fits,18.856834061272128,190.76378660210193,942,0.1294798031434684,1280.7468701238604,1321.248464114589
2503997t.fits,-17.627315932523288,153.92621840937892,945,0.11580453149530971,1280.7482981292123,1321.249157502032
2438243t.fits,-26.314335370811527,150.24318600053383,942,0.13349580379735831,1280.752780978586,1321.253884923169
2456240t.fits,-17.540740603846356,113.72612503859541,942,0.09728648664929512,1280.7531003789372,1321.253830612035
2759493t.fits,14.836335889089302,191.15537284878567,927,0.13348275404602597,1280.7488870447187,1321.2493279801593
2438464t.fits,-26.311379643925555,140.2428011186629,947,0.11889759937251827,1280.7528649312549,1321.25386319311
2922009t.fits,-18.548124621280184,179.2561013243902,930,0.11960526521896933,1280.74755314748,1321.2484293978712
2619895t.fits,-2.5397258453861125,182.87239921739328,937,0.1555773116587798,1280.7487094990718,1321.249221906472
2991021t.fits,24.578567794712402,152.67441374471574,930,0.08885137836431553,1280.7443381995697,1321.2476115930415
2868099t.fits,25.92717239055639,178.17584942781104,962,0.13639325627267307,1280.7463749753485,1321.248479064822
2400338t.fits,23.0189899686749,119.32695128007836,943,0.13277882146408032,1280.7518964462672,1321.2530132162779
2623373t.fits,-11.230206712736749,169.31195035979036,919,0.11881407893601897,1280.7488258942305,1321.2491900592868
2762740t.fits,6.2338483728865866,166.0448847863401,937,0.11161374952802867,1280.7487099399827,1321.2493551880145
2846742t.fits,20.81765989151954,174.33623162708955,928,0.10453925999024824,1280.7460290065535,1321.2485329967008
2883520t.fits,-6.8607507339751885,190.46816316633647,928,0.1274029276691679,1280.7469908373469,1321.2485698440528
2638300t.fits,-26.22814254168921,200.9351455419943,924,0.1681566517190083,1280.7488472636924,1321.2492461441554
2636430t.fits,-25.992229094335116,187.20694136029266,926,0.14741223681546403,1280.7488276157435,1321.2492481529357
2305628t.fits,-26.297726356326837,280.5067057465979,934,0.19248365821725447,1280.7519911027998,1321.2529924849207
2499895t.fits,-8.568180175710257,132.6930997863374,929,0.09099935488447702,1280.7482839212344,1321.2490669579813
2305344t.fits,-26.433983974873033,267.3464803525721,977,0.18061806768471128,1280.7520414453998,1321.2530134643114
2305647t.fits,-26.413098942375612,263.8874157807178,935,0.17135623408960382,1280.7519911027998,1321.2529924849207
2747575t.fits,22.60068121993662,191.25648330451793,966,0.14617399774431078,1280.7487852206677,1321.2493588330972
2503221t.fits,-16.146028748582953,157.86172858186532,932,0.11835218268221721,1280.7483897153345,1321.2491744811311
2882816t.fits,-4.708055966475671,196.43690197518038,924,0.13445865338680268,1280.7468653054,1321.2485511883963
2883368t.fits,-6.423260907915889,194.6109203089186,932,0.13354638559118137,1280.746919094191,1321.2485590485435
2731855t.fits,26.519953803613966,194.2899966337887,935,0.1515098015854895,1280.748928482174,1321.2492722993152
2606546t.fits,21.743964878208313,159.89771872539575,928,0.1075850215080146,1280.7487765739384,1321.249254329864
2515634t.fits,-26.210883826216598,155.6939070067399,930,0.10672787186739224,1280.7483684301133,1321.249201584588
2882534t.fits,-3.931128175631362,170.00576643008145,925,0.10335166107845002,1280.746684945077,1321.2485430758554
2470201t.fits,23.26199029820581,155.6519015547383,937,0.11897799545014716,1280.7482345775684,1321.248928921394
2518351t.fits,-25.799330755062957,147.81291317631727,935,0.09825265712932293,1280.7484299544212,1321.2491782145119
2620690t.fits,-4.429387684381566,173.68135408826228,924,0.14201417854409187,1280.748829263816,1321.2491860256168
2619196t.fits,-1.3138947730596144,188.6467541473173,939,0.1638331423362808,1280.7486455950598,1321.2492144211733
2446949t.fits,-25.46702731836435,108.77828189262483,952,0.07667205312798517,1280.752449610026,1321.2539708296626
2510535t.fits,-24.588665428869447,165.8473043201219,932,0.11701192886888316,1280.748481483613,1321.249101440635
2618582t.fits,0.1846130419374285,137.24545854745412,927,0.09334346322957314,1280.7486386506778,1321.249189396628
2882682t.fits,-4.254516097390039,190.5755425408308,926,0.1277659169509156,1280.7468860168835,1321.2485391204502
2399658t.fits,23.75861197360915,106.30241302182975,943,0.11220168801468657,1280.7520381632837,1321.2529308741814
2504546t.fits,-18.807337262543083,110.26585062445352,943,0.06384718861419894,1280.7483179377955,1321.2491810218992
3014629t.fits,25.977025692712605,196.933632192802,932,0.16729442314848503,1280.7441797609972,1321.2476711965307
2662941t.fits,-24.255766286214815,190.78344102752558,925,0.12668586189537848,1280.7488685989993,1321.2493296128798
2512553t.fits,-25.191418747399723,172.56367139952837,987,0.12850882598145016,1280.748432461473,1321.2491510213474
2446507t.fits,-25.681430295380796,150.1919923653008,933,0.1313360571901515,1280.7527267468372,1321.2538783825073
2493003t.fits,5.41197711020465,122.71854451232258,935,0.08745484601179754,1280.7483235263983,1321.2490338575958
2665074t.fits,-22.118996409463513,182.80048520987597,934,0.11811785051006791,1280.7488694229785,1321.249345169605
2425559t.fits,3.2586659940303266,142.5362933686309,951,0.2735935957575386,1280.753045515087,1321.2541992524073
2885396t.fits,-11.579518835174822,105.38032626569586,933,0.039680320102882395,1280.7466682002816,1321.2485457578978
2732275t.fits,26.545550931533374,187.6315217319524,935,0.14329660350414153,1280.7490306111645,1321.249217653069
2513410t.fits,-25.672765654946307,175.4863806655379,932,0.1307756281689314,1280.7484629040882,1321.2491232365392
2447147t.fits,-25.449026470814267,145.7152118109902,954,0.12447436347668003,1280.7525945511265,1321.2539125112403
2400806t.fits,22.534885490676363,119.55219357620966,945,0.1334964501204413,1280.7519885887036,1321.2529978020543
2746683t.fits,23.835342056940647,175.34895679769625,931,0.12423448449766528,1280.748838658912,1321.249325390814
2399663t.fits,23.740013046745883,99.3029559409446,943,0.10048571274195635,1280.7520381632837,1321.2529308741814
2413114t.fits,15.345981703423828,140.49826526115353,978,0.26191263559421074,1280.7523107400114,1321.252965773064
3025875t.fits,-2.781895163414891,193.92222845363526,928,0.16694329070825104,1280.7442440643326,1321.2480810676589
2517606t.fits,-26.081508053017288,190.71878893385113,946,0.15320206496401756,1280.7484654387326,1321.2491683023889
2454118t.fits,-20.97767558065004,124.14265879637415,942,0.09567933879261356,1280.7530139447256,1321.2538546268988
2892892t.fits,-23.22836461722831,191.57923565696822,921,0.12833373818312807,1280.7469111029689,1321.248514514372
2516280t.fits,-26.231871196914664,144.22505960847587,944,0.09410796448659407,1280.748417331512,1321.249171093316
2872857t.fits,16.64562682803962,122.72131048522591,956,0.05778444121125456,1280.7468021950606,1321.2485135508366
2762912t.fits,5.77898977058195,138.25409286115695,932,0.08109673417806587,1280.7487080419223,1321.249385613169
2664841t.fits,-22.38204118381794,158.7508160087068,925,0.0930173329038839,1280.7489932398319,1321.249318918
2519212t.fits,-25.39619781150862,175.06949610906292,937,0.13108535086722667,1280.7483829971393,1321.2491744340869
2762030t.fits,8.018836326211437,197.5888079999426,940,0.15009719586082831,1280.7487002333075,1321.249399694816
2893536t.fits,-24.00460168192527,155.98580679506904,925,0.08846189877869318,1280.7470156167567,1321.2485324768054
3029026t.fits,-13.402475918864612,171.46952979286567,925,0.1376881350404341,1280.7442135079116,1321.247881750684
2402542t.fits,21.097727112138987,109.76553785203191,950,0.11970209206281703,1280.7522003676092,1321.252966302613
2516559t.fits,-26.282865359277658,176.84786131173814,932,0.13454995209630763,1280.7483442126465,1321.249181284577
3020071t.fits,19.091755897360443,196.35336046533007,932,0.17337824359831638,1280.7442826511904,1321.2481133050376
2900698t.fits,-25.8145191990802,195.39669079348803,921,0.12659890061406565,1280.7472511160652,1321.2484547937445
3036340t.fits,-21.567769271322835,185.1820246011512,942,0.1546718129562179,1280.7441582754655,1321.2477755929058
2899734t.fits,-26.36499242026869,181.42745240919106,921,0.11520988767209031,1280.7470972372396,1321.248537304469
2491810t.fits,7.734353387650578,139.58448829124782,967,0.10500988182358242,1280.7482620320168,1321.2490609975646
2488148t.fits,15.673580851247175,104.03006642253054,931,0.06689999729063467,1280.7481175828063,1321.2490708068474
2746885t.fits,23.653569617674947,169.97547961168556,950,0.11900464728047583,1280.7488898598588,1321.249310848223
2886319t.fits,-14.200526116064957,160.30972974794545,925,0.08757426637319081,1280.7462385466242,1321.2485914082977
2637354t.fits,-26.195032535568018,197.00207579517632,927,0.16162308902035108,1280.7488605100086,1321.249246915967
2497809t.fits,-4.733891857013945,144.91300380472288,936,0.10584600191272353,1280.7482896080378,1321.2490496885964
2607700t.fits,19.880976014986658,196.72202762342488,940,0.1543496362595815,1280.7487004613895,1321.2492384040927
2600829t.fits,26.53648031868353,190.16825449516463,929,0.1444398890104088,1280.7488808709597,1321.2492374947706
2459286t.fits,-16.492404015098632,108.28660175172521,962,0.0850448623088498,1280.753164517434,1321.2540575761366
2921861t.fits,-18.870320079163797,131.60031382866617,923,0.06839644595646992,1280.7475229527693,1321.2484897645772
2759874t.fits,14.091996511643808,172.02930730120286,936,0.11257855766775073,1280.748942418898,1321.2493287036434
2607897t.fits,19.81096139343887,201.1304150100113,931,0.1602256692905962,1280.748745916398,1321.2492704585973
2305116t.fits,-26.320997043289577,259.2368400534804,948,0.17006780455686898,1280.7520821232526,1321.252957988617
2504883t.fits,-19.39502398646462,166.4616924141558,956,0.1314635642710551,1280.7482266925513,1321.2491752115463
3062515t.fits,-26.23828400302295,134.94872030973838,939,0.0646307176707359,1280.7442202476275,1321.2478001764
2305632t.fits,-26.322887052599114,282.27412941393857,935,0.19505449626116322,1280.7519911027998,1321.2529924849207
2515847t.fits,-26.230170903006215,163.95362215268358,930,0.11652282348321619,1280.7484391767,1321.2491571428286
2630359t.fits,-21.12263730045865,184.205669456444,922,0.14275969827470245,1280.7488499189944,1321.2492224946989
3018342t.fits,22.150388886770443,197.29239881507297,932,0.18194882263130513,1280.7443329649436,1321.2480814336325
2872988t.fits,16.515837387877717,190.7521786450639,939,0.129108133829758,1280.746689048217,1321.2484827199953
2469046t.fits,20.728836640343662,138.40933060518626,942,0.09813778347973562,1280.7481436994128,1321.2488795310724
2899882t.fits,-26.151633273600975,186.3413362788022,921,0.12092583519050162,1280.7471413427986,1321.2485417004316
2846110t.fits,18.91179572369006,101.63945191491241,937,0.039819257972293035,1280.7459245165762,1321.2485445767363
3013270t.fits,26.43006926241906,196.79426965361972,929,0.16363631185755215,1280.7441723829993,1321.2476930573232
2877072t.fits,5.762189546093915,204.9692988685913,936,0.14257320051330752,1280.7468421514182,1321.2485385848654
2498660t.fits,-6.335075264114088,89.54860886676559,944,0.047525671799739475,1280.7484201400937,1321.2490067936442
2763097t.fits,5.396852500831161,166.1461150187551,929,0.11136151506405122,1280.7488488941187,1321.2493801705398
2376219t.fits,24.63135296536935,110.8244106400981,945,0.10457698911995729,1280.7517817829887,1321.252833880176
2497994t.fits,-5.063019625312385,171.84835502005217,934,0.14246491249648702,1280.7482986463756,1321.2490458119707
2920458t.fits,-21.47557238466345,181.00635238416785,952,0.12231181096984141,1280.7475898543494,1321.2484364140987
2400341t.fits,23.009094367465178,116.04552872030867,943,0.12689915722627107,1280.7518964462672,1321.2530132162779
2763944t.fits,3.5487441213364868,107.10635382783163,931,0.05481532157723219,1280.7487227810007,1321.2493744160065
2762739t.fits,6.23677439737767,173.45913494232053,938,0.12039691941043283,1280.7487099399827,1321.2493551880145
2469995t.fits,23.140573690110585,141.97780488355372,939,0.10094137184076404,1280.7481880363603,1321.2489426734448
2872558t.fits,17.437999117107907,191.59644470746667,931,0.1288936451670005,1280.7467471698308,1321.2485712056005
2746118t.fits,24.356038499776997,176.2694846075563,941,0.12629540214227905,1280.748792480184,1321.249307797447
3021448t.fits,10.842887260389686,193.62583228937768,963,0.17626625641138707,1280.7443231839343,1321.2481404247706
2454914t.fits,-19.786771692174092,131.95245966796784,938,0.10515674481655218,1280.7530836866479,1321.2538754305033
2518560t.fits,-25.684282763373826,166.39621809998326,939,0.12060362569620763,1280.748463818942,1321.2491701167794
3019933t.fits,19.413976080601785,173.95038313297533,935,0.1393340464052096,1280.7442279311133,1321.2481390797795
2510304t.fits,-24.295015662317866,193.5687183980785,933,0.1575752818887815,1280.7484605391346,1321.2491135311948
2505260t.fits,-20.03234991091065,150.73491958897304,945,0.10790831718722188,1280.7481182803235,1321.2492130077874
2665535t.fits,-21.63894045344058,193.6422869672622,931,0.13082966920058642,1280.7489849897613,1321.249402337913
3062176t.fits,-26.323228978487002,205.02448603574192,926,0.13849291837571248,1280.7440924597959,1321.2478492672988
2400166t.fits,23.302128410641867,117.31143529021975,943,0.12955702178686632,1280.7520079382396,1321.2529577399634
2412963t.fits,15.350194577228821,138.18456496926623,954,0.2674221495106911,1280.7522410695917,1321.2529915112373
2762571t.fits,6.531436161030609,163.78019336788395,939,0.10876241780109126,1280.7487170838363,1321.2493695951982
2504689t.fits,-19.171537644933462,98.88657266735183,959,0.05362913222209266,1280.7482195262598,1321.2491955124162
2469804t.fits,22.84347014584168,133.6732162304286,936,0.09115882757163356,1280.7481356292803,1321.2489573866262
2502720t.fits,-15.18512834752589,160.54241214256152,963,0.12006612400922277,1280.748342094005,1321.2491397936708
2901014t.fits,-25.683970388373655,187.26873795797516,940,0.12077240886512905,1280.7473306891193,1321.2484873214687
2664205t.fits,-23.038143180558897,155.8873726357794,935,0.09012918164743094,1280.7488716684113,1321.2493555186525
2401656t.fits,21.308363933309273,120.63973770757974,942,0.13711955046526764,1280.7520325925686,1321.2529888850588
2636904t.fits,-26.139039164140478,188.84946146804563,935,0.15138664348292472,1280.7487667013381,1321.2492439384152
2989859t.fits,23.009584693927135,118.96065738077844,938,0.05655361375599022,1280.7441474066839,1321.2477560242664
2483270t.fits,26.2887412360241,136.5678340113368,940,0.10214851990129686,1280.7481222408105,1321.2490979892398
2871545t.fits,19.73897367997032,176.75081113478808,927,0.11059584884158766,1280.7467128620642,1321.2485106957101
2505066t.fits,-19.65399730061796,173.37919993619172,953,0.1390686860138992,1280.748220688511,1321.2491724611104
3015309t.fits,25.65039609804909,149.41826343400285,928,0.10212539894793848,1280.7443117015318,1321.2477559001863
2869009t.fits,24.843453383945008,140.65734554446644,936,0.08805560502353323,1280.7462397954107,1321.2485408098405
2400360t.fits,22.81385538640141,109.85429064465666,943,0.11512046935534033,1280.7518964462672,1321.2530132162779
2516989t.fits,-26.340838546222596,144.83201593272466,933,0.09410699330412259,1280.7483123032384,1321.2492218852099
2425439t.fits,3.0639087812704293,126.55212014751812,951,0.2212537429559445,1280.7527831579227,1321.2536982728295
2871846t.fits,19.091884183061122,154.31318619307189,935,0.08783741925065748,1280.7467474983011,1321.2485436548495
2624696t.fits,-14.168673812899428,88.63130398305995,935,0.04270219450848368,1280.748717321947,1321.2492261500336
2733202t.fits,26.448324422841935,155.986910881252,924,0.10425427130682281,1280.748872353652,1321.2492762181096
2624395t.fits,-13.03412995498486,139.71985686751995,928,0.08579118693227236,1280.7487243432688,1321.2492180338656
2637582t.fits,-26.20391627464158,176.02913418358892,924,0.13009856427779454,1280.7489322210808,1321.2492291656558
2990604t.fits,24.056238224870434,196.8513029613139,932,0.14610057112601949,1280.7441156898506,1321.2477084469162
3018603t.fits,22.13588215525573,184.73454765919948,934,0.15978418978810327,1280.7442750667487,1321.2481181903693
3024802t.fits,0.4663085897274765,146.99115395927475,937,0.1029345190768246,1280.7442342595923,1321.2480810743123
2446214t.fits,-25.859441529676552,121.46088092056546,935,0.09338085929246152,1280.7526477982572,1321.253913048409
2618392t.fits,0.4924100824197259,163.95989519068596,925,0.12615615061915736,1280.748755203554,1321.2491842961522
2425555t.fits,3.2807640751747558,146.70592937810974,951,0.28597643772421394,1280.753045515087,1321.2541992524073
2875818t.fits,8.734816180387968,104.41941137393968,941,0.04089793902730512,1280.7469784633684,1321.248529784108
2515392t.fits,-26.203425729838884,142.92788755976497,965,0.09262105129690061,1280.7483786453665,1321.249175764076
2632878t.fits,-23.38081034976117,188.2012521676213,920,0.1473874083904345,1280.7489218055282,1321.2492246705046
2883233t.fits,-6.174510845935807,194.48074083492995,942,0.13396727102799066,1280.7468479515178,1321.248576347531
2456239t.fits,-17.539519745989928,116.53722822001976,942,0.10069214605087118,1280.7531003789372,1321.253830612035
2493382t.fits,4.848429182470114,166.88351097495735,962,0.14819645749935967,1280.7484056667417,1321.249019956144
2747765t.fits,22.331818623407738,197.63514457939564,977,0.1544942896716739,1280.7488150779868,1321.2493314853668
2457065t.fits,-16.849299391617773,132.2175880874644,962,0.11466453864168588,1280.7531790528728,1321.2541038377176
2759698t.fits,14.432814848768954,194.85300645574793,927,0.13792998854220673,1280.7488837838423,1321.2493058880038
2305625t.fits,-26.278373613760238,284.9412526620754,934,0.1986144668702641,1280.7519911027998,1321.2529924849207
2305326t.fits,-26.317238095150728,268.47554445985014,969,0.18258273495668606,1280.7520414453998,1321.2530134643114
2400512t.fits,22.843662664524818,113.87943576439167,944,0.122658406577701,1280.7520074655176,1321.2530014456731
2623559t.fits,-11.560461718810274,196.21742648542954,919,0.15704697864602596,1280.748761513122,1321.2491969141365
2515172t.fits,-26.16059817408697,91.49908188640268,962,0.04395410183274451,1280.7483588139933,1321.2491701411266
2619509t.fits,-1.7374992713663242,176.3723758003128,926,0.14665392901131122,1280.7487918105537,1321.2491633197067
2425727t.fits,2.8381964781913087,144.29868460469714,960,0.26905938253340556,1280.752998021911,1321.2542501696068
2731858t.fits,26.51545450457212,193.16238956813856,934,0.14990783053845685,1280.748928482174,1321.2492722993152
2662725t.fits,-24.42530203488067,198.68848176737987,942,0.13600814361056313,1280.7488723169056,1321.2493363017907
2445936t.fits,-26.001052068049898,133.99112195376838,935,0.10939073996955001,1280.7525255235012,1321.2539142651444
2425921t.fits,2.3506781589599983,150.18916920474217,976,0.2945748363906171,1280.7530963539823,1321.2541609600867
2502851t.fits,-15.481355498004044,142.6038246917143,932,0.10001013537112827,1280.7484287888497,1321.249143991453
2746503t.fits,24.02901735040933,172.08807458854608,927,0.12028141220393317,1280.748763166918,1321.2493405569935
2488336t.fits,15.297142912582526,158.3758075718656,930,0.134861491911081,1280.74815197841,1321.2490436399366
2869214t.fits,24.371994180896017,152.92175230985742,957,0.10265732501990948,1280.7465096732215,1321.2485446894045
2493562t.fits,4.509207546725177,142.1944392703533,949,0.11359399808059685,1280.7484450833167,1321.2490619512607
2456424t.fits,-17.198014243036084,94.81203356143278,961,0.07089456138594086,1280.7533439408442,1321.2539762520769
3018471t.fits,22.268548334479863,199.20335576453652,936,0.18367666599456195,1280.7443215946805,1321.2480177061902
2632160t.fits,-22.8444095203176,192.18510062657518,923,0.15171250048489088,1280.7488324151332,1321.249244739075
2900855t.fits,-25.740437763329318,197.35543667425355,940,0.1299037713958916,1280.747276074566,1321.2485042779008
2631933t.fits,-22.65062820657804,136.82152221135618,923,0.08564626811368888,1280.748892167594,1321.2492417228204
2504692t.fits,-19.180610405244334,85.99919302819238,959,0.04318551998629715,1280.7482195262598,1321.2491955124162
2540885t.fits,-18.941710248187402,129.0368171311741,977,0.07809079624257954,1280.7485550043314,1321.2491711101552
2882977t.fits,-5.13582913923292,111.29994424647391,926,0.04887850772741605,1280.7469178404667,1321.2485754435797
3014921t.fits,25.797622936220737,195.37990505855262,928,0.165797609193357,1280.7441407924427,1321.2476893592582
2763686t.fits,3.807103675217837,163.66420406204963,933,0.10864751409564434,1280.7488039810478,1321.2493857561174
3062668t.fits,-26.2700465209826,118.30885836845462,933,0.05121669775502006,1280.7441654775278,1321.2477948829533
2618218t.fits,0.8329284596453121,121.8631491502415,938,0.0767548095864608,1280.7486707646603,1321.249192308141
3036338t.fits,-21.56222736753606,208.40026821746923,942,0.19207704870754305,1280.7441582754655,1321.2477755929058
2630603t.fits,-21.332175622487405,144.76420594925375,921,0.09391232345389904,1280.7488635119935,1321.2492244313378
2600676t.fits,26.523844645600736,187.8708231712006,927,0.14010728538497771,1280.7487522891117,1321.249267897909
2492157t.fits,7.11307111310759,159.75202543554548,936,0.13235158799578614,1280.7482884003468,1321.2490369753607
2618389t.fits,0.5005975535851084,168.20928274057044,925,0.13290772153127262,1280.748755203554,1321.2491842961522
3028425t.fits,-11.465142705692307,170.5201815824819,928,0.13371093474656737,1280.7442317238863,1321.2479272166688
2515389t.fits,-26.194219978717584,107.22142329951629,965,0.05686611630715409,1280.7483786453665,1321.249175764076
2584446t.fits,24.079259352730823,138.3320787310251,940,0.08332092483092966,1280.7487079392495,1321.2492217602748
2399971t.fits,23.473253160981717,103.68576529795108,943,0.11076810403320408,1280.7519795538892,1321.25292381944
2637846t.fits,-26.215247486234485,196.40954777214665,920,0.16123526532616353,1280.7488444210996,1321.2492417079648
2516769t.fits,-26.186867727205918,173.76357848533365,932,0.13030399741493975,1280.7482238680866,1321.2492450678149
2518059t.fits,-25.852292164338554,170.17608742035185,930,0.1260022349035504,1280.748264621587,1321.2491538772642
2733552t.fits,26.38140890049349,139.7630287810428,922,0.08672804393746984,1280.748901439112,1321.2492814967245
2762027t.fits,8.027963407301275,193.47354387242956,940,0.14468871980428594,1280.7487002333075,1321.249399694816
2601662t.fits,26.39384164137133,176.39992392119683,926,0.12545728068347334,1280.7488139066738,1321.2492632408962
2426774t.fits,-0.09840192940778673,101.49277928140293,971,0.15398732153877726,1280.7530473647384,1321.2540974775957
2922008t.fits,-18.546502669259702,172.91932726536157,930,0.11222569872777322,1280.74755314748,1321.2484293978712
2438465t.fits,-26.313770214885075,145.81333988373325,947,0.12727073379295945,1280.7528649312549,1321.25386319311
2759492t.fits,14.839331166935317,190.90445594953277,927,0.1336640800442248,1280.7488870447187,1321.2493279801593
2438242t.fits,-26.311727020343795,153.63939577621838,942,0.13902692404351058,1280.752780978586,1321.253884923169
2503996t.fits,-17.624674291982863,155.64150014327885,945,0.1178610205116198,1280.7482981292123,1321.249157502032
2492816t.fits,5.7242162453210454,133.57400951680444,931,0.10081185728417921,1280.7483044746657,1321.249056343406
2763277t.fits,4.969638497669832,186.2982552113615,929,0.13555222938991382,1280.7487431578713,1321.2493828674353
2868098t.fits,25.92974630566107,188.64985490430752,962,0.1517799169492397,1280.7463749753485,1321.248479064822
2519209t.fits,-25.389600908079483,178.11845572258937,937,0.1353016815237956,1280.7483829971393,1321.2491744340869
2991020t.fits,24.580786762400496,153.8000299685319,930,0.09026744814572488,1280.7443381995697,1321.2476115930415
2619894t.fits,-2.5369823235629756,178.05862991915146,937,0.1492752638076625,1280.7487094990718,1321.249221906472
3019200t.fits,20.7836851977332,186.87375000979526,935,0.16680876137478956,1280.7442373541373,1321.2480741449567
2606741t.fits,21.4990508805181,186.86414601014758,925,0.1408684765355119,1280.748743954685,1321.2492462002924
2502384t.fits,-14.3568050893359,152.83976134704258,934,0.11295602555168446,1280.7483498068,1321.2490797421844
2889904t.fits,-17.8524120359385,173.00152656096554,930,0.10429100698729324,1280.7459477175112,1321.2485435058318
2885770t.fits,-12.73873184921145,187.69610328297432,934,0.11123548038155881,1280.746405891235,1321.2485640885147
2509822t.fits,-23.987024785086646,187.29288476114297,933,0.14954931505211488,1280.7485340866965,1321.2490893097709
2618778t.fits,-0.40707126533200844,136.2776868200973,946,0.09240836696501312,1280.748672185972,1321.2492133166218
2921087t.fits,-20.380216352997547,174.70211375385028,933,0.11320683054422531,1280.7475372746887,1321.2485095189322
2509403t.fits,-23.739368092472272,133.35340738650606,935,0.08338730849392881,1280.7483874889656,1321.249090744751
2510534t.fits,-24.58589242452321,170.27185798447184,932,0.12276754304924727,1280.748481483613,1321.249101440635
2619197t.fits,-1.3168110813213287,184.66864265124323,939,0.158955052108324,1280.7486455950598,1321.2492144211733
2446948t.fits,-25.46463642934628,109.29132043919117,952,0.0773309723859224,1280.752449610026,1321.2539708296626
2518350t.fits,-25.797050496800104,149.4910682184244,935,0.0999200583432889,1280.7484299544212,1321.2491782145119
2882535t.fits,-3.9341845504744346,179.9932766519323,925,0.11475559754224635,1280.746684945077,1321.2485430758554
2620691t.fits,-4.432433557767425,172.89871349468373,924,0.1406163756001532,1280.748829263816,1321.2491860256168
2515635t.fits,-26.213537310976484,169.40121894609308,930,0.12401716676897151,1280.7483684301133,1321.249201584588
2606547t.fits,21.741173258217366,163.3341650219789,928,0.1117719206687921,1280.7487765739384,1321.249254329864
2493002t.fits,5.4150154383204265,121.82234378904492,935,0.08663272895600431,1280.7483235263983,1321.2490338575958
3024015t.fits,2.6912819665255507,163.9426304270738,924,0.12394991038238733,1280.7443512474415,1321.2481039955105
2512552t.fits,-25.189068002822445,170.99464974156732,987,0.1265400560273293,1280.748432461473,1321.2491510213474
2662940t.fits,-24.25380728103265,196.16708809540216,925,0.13276171660593408,1280.7488685989993,1321.2493296128798
3014628t.fits,25.97968841598165,197.81832350449858,932,0.16813550236802974,1280.7441797609972,1321.2476711965307
2504547t.fits,-18.810154222407768,77.60646525477166,943,0.03638829433372649,1280.7483179377955,1321.2491810218992
2399659t.fits,23.755398552398074,105.90771339277632,943,0.11123913841174872,1280.7520381632837,1321.2529308741814
2882683t.fits,-4.25757742707008,182.67259051995822,925,0.11876699735279304,1280.7468860168835,1321.2485391204502
2618583t.fits,0.18237192990544712,133.43595337894104,927,0.08926878990557487,1280.7486386506778,1321.249189396628
2499894t.fits,-8.565254818156932,128.3470661419662,929,0.08584545549593098,1280.7482839212344,1321.2490669579813
2305629t.fits,-26.304203159636216,285.1676709459105,934,0.1986434505460068,1280.7519911027998,1321.2529924849207
2517177t.fits,-26.142647749534294,180.48453533388638,935,0.13936013537015748,1280.7483287597383,1321.2492331219582
2638301t.fits,-26.23090946438055,194.4183007278865,924,0.15914714592116722,1280.7488472636924,1321.2492461441554
2636431t.fits,-25.994926283588168,183.09518604911912,926,0.14141002949308035,1280.7488276157435,1321.2492481529357
2883521t.fits,-6.8638169004350935,189.68510163822555,928,0.12639541834543822,1280.7469908373469,1321.2485698440528
2892518t.fits,-22.80910942769573,199.19967039623145,921,0.13928979757921256,1280.74715150538,1321.2484672117694
2762741t.fits,6.230917517806398,171.24416038246397,937,0.11770945293524067,1280.7487099399827,1321.2493551880145
2400339t.fits,23.01564547758591,117.47058741493395,943,0.12929769529176152,1280.7518964462672,1321.2530132162779
2882817t.fits,-4.711118139696511,197.36058737693452,924,0.13596950460658946,1280.7468653054,1321.2485511883963
2883369t.fits,-6.426330072633459,196.12417080013967,932,0.1354574723100519,1280.746919094191,1321.2485590485435
2503220t.fits,-16.14307864353827,162.1026918809679,932,0.12392496403616213,1280.7483897153345,1321.2491744811311
2620897t.fits,-4.866938894209842,163.81430762906302,924,0.1285384706185106,1280.7487612701022,1321.2492034608947
2747574t.fits,22.603743752254747,187.524948552264,966,0.14093252923036564,1280.7487852206677,1321.2493588330972
2305646t.fits,-26.407863361456705,233.50436755191924,935,0.13512496039052,1280.7519911027998,1321.2529924849207
2886596t.fits,-14.707954692862028,200.09209537865414,925,0.13606033554659105,1280.746242857588,1321.2486256692002
2305345t.fits,-26.439376362517674,270.24780062463225,977,0.18484196100198758,1280.7520414453998,1321.2530134643114
2516558t.fits,-26.2804158850131,178.9807931489473,932,0.13700807585705474,1280.7483442126465,1321.249181284577
2664646t.fits,-22.604998293297044,170.97021604070218,935,0.10564621193536271,1280.748887904788,1321.24935620893
2402543t.fits,21.094548511016658,106.93184626534212,950,0.11496554775498519,1280.7522003676092,1321.252966302613
2886318t.fits,-14.197702041321055,175.28855122179948,925,0.10321415345541406,1280.7462385466242,1321.2485914082977
2487202t.fits,17.443989162761298,139.91777285930536,932,0.1085836244631756,1280.7481402355356,1321.2490741031568
2637355t.fits,-26.197681472849517,197.8117163894994,927,0.16336048091016464,1280.7488605100086,1321.249246915967
2746884t.fits,23.656411643289236,171.97762785157724,950,0.12146969254544893,1280.7488898598588,1321.249310848223
2491811t.fits,7.731220634754678,152.48604041420828,970,0.12225400373841402,1280.7482620320168,1321.2490609975646
2900699t.fits,-25.816970018669846,196.57504882909296,921,0.12803712926046631,1280.7472511160652,1321.2484547937445
2497599t.fits,-4.274901332862746,173.98042420739202,929,0.1467693761149263,1280.7483309447005,1321.2490924487581
2413115t.fits,15.342671945819532,137.4413565520402,978,0.2528169168441756,1280.7523107400114,1321.252965773064
2399662t.fits,23.74322747678436,97.42957527820509,943,0.09782190276307186,1280.7520381632837,1321.2529308741814
2746682t.fits,23.83817310301139,174.21496125462517,931,0.12359146935754428,1280.748838658912,1321.249325390814
2632875t.fits,-23.372270793872566,194.0209769596083,920,0.15542916008216157,1280.7489218055282,1321.2492246705046
2447146t.fits,-25.447310059431953,145.25301982319834,954,0.123898609686385,1280.7525945511265,1321.2539125112403
2513411t.fits,-25.67536027011749,179.94597192557353,932,0.1368378248883968,1280.7484629040882,1321.2491232365392
2732274t.fits,26.547479065765014,193.52956864540022,935,0.1516524042012364,1280.7490306111645,1321.249217653069
2425558t.fits,3.264600461714766,144.73617648195008,951,0.2787665994906219,1280.753045515087,1321.2541992524073
2885397t.fits,-11.58224834511429,118.4733365895338,933,0.04845534687102091,1280.7466682002816,1321.2485457578978
2665075t.fits,-22.120841004232574,183.84159293447794,935,0.11979557927184319,1280.7488694229785,1321.249345169605
3029027t.fits,-13.405176053188057,166.0132603098341,925,0.12981299642061128,1280.7442135079116,1321.247881750684
2663794t.fits,-23.46615200694265,178.399228950183,958,0.11386470417915379,1280.7489017950684,1321.249358545954
2762913t.fits,5.77613038002263,113.98955240712928,932,0.05904300557716399,1280.7487080419223,1321.249385613169
2872856t.fits,16.64861640253269,117.452372438019,955,0.05348467136177324,1280.7468021950606,1321.2485135508366
2892893t.fits,-23.231161832699897,189.0206185330095,921,0.1260940041981545,1280.7469111029689,1321.248514514372
2516281t.fits,-26.23465896964863,130.5842474831473,944,0.07914851538940926,1280.748417331512,1321.249171093316
2491411t.fits,8.869655120542303,168.55609501713795,928,0.14332269467125316,1280.7482201169066,1321.2490472774907
2876199t.fits,7.246585904826521,188.55418390905777,936,0.12172297509642116,1280.74693243302,1321.2485734373524
2630358t.fits,-21.119730872914097,183.63573847764135,922,0.14191486374641796,1280.7488499189944,1321.2492224946989
2515846t.fits,-26.227533581884618,155.966370118006,930,0.10756937564318733,1280.7484391767,1321.2491571428286
2305633t.fits,-26.32902097571182,288.2444647958403,935,0.20282678322639483,1280.7519911027998,1321.2529924849207
3062514t.fits,-26.235124094730114,132.92317317407196,939,0.06285366643004803,1280.7442202476275,1321.2478001764
2504882t.fits,-19.392186038663144,157.76963592057197,956,0.11946436538437177,1280.7482266925513,1321.2491752115463
2305330t.fits,-26.3425146275745,267.16609820615247,972,0.18094451313604748,1280.7520414453998,1321.2530134643114
2877073t.fits,5.759155088866511,205.33683150342904,936,0.14277712149282856,1280.7468421514182,1321.2485385848654
2498661t.fits,-6.3381413928303365,87.55882926714361,943,0.04625523604976516,1280.7484201400937,1321.2490067936442
3013271t.fits,26.427482399642102,197.29344338735405,929,0.16445248545903826,1280.7441723829993,1321.2476930573232
2846111t.fits,18.910168597260373,124.14465718137464,937,0.05627026140825333,1280.7459245165762,1321.2485445767363
2899883t.fits,-26.154182743929088,188.70086464123654,921,0.12356105797861629,1280.7471413427986,1321.2485417004316
2469998t.fits,23.1365342331032,106.16712824789937,938,0.06157854626340423,1280.7481880363603,1321.2489426734448
2469047t.fits,20.727235258949573,138.23945358715088,942,0.09800198076266248,1280.7481436994128,1321.2488795310724
3018343t.fits,22.147399141465687,196.40735086741847,932,0.180319912969021,1280.7443329649436,1321.2480814336325
2920455t.fits,-21.46966934087079,169.98892628583206,951,0.10880921051655701,1280.7475898543494,1321.2484364140987
2600828t.fits,26.538861749254096,191.6599100909869,929,0.14635157648222913,1280.7488808709597,1321.2492374947706
2459287t.fits,-16.49348954413471,108.60936464959231,962,0.08589962865221501,1280.753164517434,1321.2540575761366
2497808t.fits,-4.7308663995853655,160.80875694691645,936,0.1269198602858474,1280.7482896080378,1321.2490496885964
2305117t.fits,-26.327382061345325,258.62462030952696,948,0.1687048544585471,1280.7520821232526,1321.252957988617
2607896t.fits,19.81381659678202,197.653004717968,932,0.15549851516211255,1280.748745916398,1321.2492704585973
2664208t.fits,-23.044012723193966,161.38620508079293,937,0.09525683149129818,1280.7488716684113,1321.2493555186525
2921860t.fits,-18.868661894330085,157.88699920515967,923,0.0947037421580926,1280.7475229527693,1321.2484897645772
2759875t.fits,14.088985596606976,173.57622038635122,936,0.11447214283754559,1280.748942418898,1321.2493287036434
2747402t.fits,22.833051730000257,165.18891663515495,958,0.11387201207798112,1280.7487734407962,1321.2493731103546
2400167t.fits,23.299103819819656,113.07456029092701,943,0.12233625572241982,1280.7520079382396,1321.2529577399634
2665534t.fits,-21.637284700809513,194.1167265022453,930,0.13115082624919874,1280.7489849897613,1321.249402337913
2505261t.fits,-20.03506837563793,151.94628338608996,945,0.10923364483567277,1280.7481182803235,1321.2492130077874
3062177t.fits,-26.32568661297034,206.49106446643174,926,0.1399814833904694,1280.7440924597959,1321.2478492672988
2518346t.fits,-25.777597707778508,107.23276669281856,933,0.056763777647358675,1280.7484299544212,1321.2491782145119
2662939t.fits,-24.251840043239767,197.58439463844925,925,0.13485563833889866,1280.7488685989993,1321.2493296128798
2518561t.fits,-25.686612839404212,157.08488769996976,939,0.10891480187056947,1280.748463818942,1321.2491701167794
2665313t.fits,-21.894488459311997,192.8885056556725,938,0.1300447595625323,1280.748793856798,1321.2493896705066
2518062t.fits,-25.859415910320013,177.2881852330598,930,0.13594228385856125,1280.748264621587,1321.2491538772642
2989858t.fits,23.011584628378532,131.30829366882753,938,0.0672335452069302,1280.7441474066839,1321.2477560242664
2871544t.fits,19.7416383862126,186.48652972253865,927,0.12214698172979706,1280.7467128620642,1321.2485106957101
2483271t.fits,26.28633744643012,138.6962668312531,940,0.10500873164583002,1280.7481222408105,1321.2490979892398
2901015t.fits,-25.686277615478595,193.3894895181804,940,0.12781573820825667,1280.7473306891193,1321.2484873214687
2502721t.fits,-15.187971590456357,157.35220935332913,963,0.11590023865962033,1280.748342094005,1321.2491397936708
2446510t.fits,-25.68852214470953,146.8748627476195,933,0.12673736161557958,1280.7527267468372,1321.2538783825073
2469805t.fits,22.841610962816002,132.1324134843966,936,0.08942377911168559,1280.7481356292803,1321.2489573866262
2762570t.fits,6.534017442871876,156.7760239667794,939,0.10050274867882641,1280.7487170838363,1321.2493695951982
2412962t.fits,15.353246915430951,138.8713340596924,954,0.2694980264889545,1280.7522410695917,1321.2529915112373
2504688t.fits,-19.168854009714202,71.83506118547632,959,0.03281323033134525,1280.7482195262598,1321.2491955124162
2497995t.fits,-5.066092222772374,172.52117644011471,934,0.14350088641541717,1280.7482986463756,1321.2490458119707
2376218t.fits,24.633928174542298,122.27327183445814,945,0.1232284569348989,1280.7517817829887,1321.252833880176
3021449t.fits,10.840389857204672,188.79367274315547,962,0.16813199094936748,1280.7443231839343,1321.2481404247706
2454915t.fits,-19.788279189014965,132.7489313750684,941,0.1060351569477833,1280.7530836866479,1321.2538754305033
2503411t.fits,-16.445338198371925,167.73262724121702,933,0.1319282476708207,1280.7483481651193,1321.24910680657
2746119t.fits,24.353242052192467,175.9560941846086,941,0.12634775120158137,1280.748792480184,1321.249307797447
2487199t.fits,17.453315835376248,129.06097557217683,932,0.0946935813444214,1280.7481402355356,1321.2490741031568
2872559t.fits,17.43509378932168,190.4716705970388,931,0.12701601264795412,1280.7467471698308,1321.2485712056005
2872985t.fits,16.524245161052498,189.53227785801488,939,0.12760722729890042,1280.746689048217,1321.2484827199953
2762738t.fits,6.239703621891896,173.9989086305368,938,0.12064343405018435,1280.7487099399827,1321.2493551880145
2497602t.fits,-4.2840398618969235,176.01711075502314,929,0.14871681806731807,1280.7483309447005,1321.2490924487581
2400340t.fits,23.012282090038063,118.27126016788911,943,0.13081857102748537,1280.7518964462672,1321.2530132162779
2763945t.fits,3.54577586874834,136.30039021990441,931,0.080688786381429,1280.7487227810007,1321.2493744160065
3025878t.fits,-2.790933023822821,198.05054185252934,928,0.17287841877535648,1280.7442440643326,1321.2480810676589
2515393t.fits,-26.20607563134769,135.95071636641498,965,0.08488560144745141,1280.7483786453665,1321.249175764076
2883116t.fits,-5.494687473567239,114.80546519383849,939,0.05248679633804688,1280.7469093765837,1321.2485356074624
2872414t.fits,17.622933134373973,191.2551329333472,946,0.12829081947972806,1280.746744376499,1321.2485947293017
2491971t.fits,7.314980911065685,161.05730078352659,942,0.13312537374691735,1280.7483126622947,1321.2491010781798
2457064t.fits,-16.848128269750955,128.00951926531366,962,0.10873055284961329,1280.7531790528728,1321.2541038377176
2454115t.fits,-20.9729355229689,139.18768353795443,942,0.11612124157659436,1280.7530139447256,1321.2538546268988
2747764t.fits,22.334668394992512,198.87642135040386,977,0.1555753320328197,1280.7488150779868,1321.2493314853668
2493383t.fits,4.84538418870453,167.04008234235624,962,0.14835285914941854,1280.7484056667417,1321.249019956144
2456238t.fits,-17.538278120667606,119.22829793305293,942,0.10465625128543801,1280.7531003789372,1321.253830612035
3028553t.fits,-11.809127242319045,180.24429608924828,926,0.14789415665420805,1280.7442232178732,1321.2479168183052
2425438t.fits,3.066044263648436,126.60338306549927,950,0.22194696443371076,1280.7527831579227,1321.2536982728295
2638080t.fits,-26.228486971672424,202.56758542327452,940,0.17192282759869448,1280.7488596843627,1321.2492395732934
2876202t.fits,7.237605640175481,181.15218032306532,935,0.1130076912011906,1280.74693243302,1321.2485734373524
2516988t.fits,-26.338858472390797,138.39452654728194,933,0.08687617155055863,1280.7483123032384,1321.2492218852099
2747399t.fits,22.84166256452055,163.4904188390264,958,0.11114773936795036,1280.7487734407962,1321.2493731103546
2400361t.fits,22.81047501979916,109.27552857031799,943,0.11470974096755159,1280.7518964462672,1321.2530132162779
2869008t.fits,24.845966926437967,146.9692102742571,936,0.09520479839311247,1280.7462397954107,1321.2485408098405
3015308t.fits,25.65260976504982,145.37809334142824,928,0.09715954682420705,1280.7443117015318,1321.2477559001863
2505067t.fits,-19.65687851163798,174.37275802411833,953,0.14112643104098632,1280.748220688511,1321.2491724611104
3024803t.fits,0.46386508049191505,157.94087866224606,936,0.11713437889029998,1280.7442342595923,1321.2480810743123
3018602t.fits,22.1380717611738,186.1586581919213,934,0.16220640444324852,1280.7442750667487,1321.2481181903693
2602366t.fits,25.993248782056245,104.96003233719222,938,0.056803376149677356,1280.7487855667657,1321.2492443964768
2990605t.fits,24.05413774923588,198.55159559912317,932,0.1489407944256731,1280.7441156898506,1321.2477084469162
2488145t.fits,15.68298411692732,96.00448238051496,931,0.05879909816918663,1280.7481175828063,1321.2490708068474
2637583t.fits,-26.20691164202061,172.48699512747237,924,0.12626788236294184,1280.7489322210808,1321.2492291656558
2624394t.fits,-13.031112238567502,151.8475656678905,928,0.09868389758226338,1280.7487243432688,1321.2492180338656
2733203t.fits,26.445744013897645,169.04000993808697,924,0.11937048995989988,1280.748872353652,1321.2492762181096
2624697t.fits,-14.17169101837949,93.47309905346923,937,0.046528569672679924,1280.748717321947,1321.2492261500336
2868097t.fits,25.93231619291169,187.18956242394336,964,0.15017507773563737,1280.7463749753485,1321.248479064822
2763278t.fits,4.9666861944065595,189.91248400962522,929,0.13990702914975867,1280.7487431578713,1321.2493828674353
2518559t.fits,-25.68194317800523,146.464539445481,939,0.09593523288393803,1280.748463818942,1321.2491701167794
2885613t.fits,-12.377885763506029,148.4300717701384,955,0.07281992886878826,1280.7466705302775,1321.2485732230984
2990454t.fits,23.85722980898855,189.89087778104792,930,0.1330134222929294,1280.7441506805926,1321.247714385053
2601661t.fits,26.396179366050816,170.44494219456,926,0.1180922661372304,1280.7488139066738,1321.2492632408962
2920943t.fits,-20.66265302623439,191.151735403491,932,0.13433703260726262,1280.7474913480432,1321.2484769852558
2399972t.fits,23.470123479367803,109.51604347035997,943,0.11999111294698911,1280.7519795538892,1321.25292381944
2600675t.fits,26.526289446241876,179.7979132290324,927,0.130036249603007,1280.7487522891117,1321.249267897909
2618777t.fits,-0.40424972204259363,127.97208710528632,947,0.08355622184365596,1280.748672185972,1321.2492133166218
2376220t.fits,24.628774354341207,96.26912984635398,945,0.08329771239021874,1280.7517817829887,1321.252833880176
3036573t.fits,-22.05029358645319,159.6315325334578,951,0.1173255743510374,1280.7441477865116,1321.247798859395
2921088t.fits,-20.382045441214114,172.76222925275138,933,0.11113638431888997,1280.7475372746887,1321.2485095189322
2871113t.fits,20.514756812743805,130.09748266270142,942,0.06438512935896615,1280.7466951724734,1321.2485355122933
2763685t.fits,3.808802403629858,162.24217516184945,933,0.10673232784675976,1280.7488039810478,1321.2493857561174
3015311t.fits,25.645946738526362,168.84747039380494,928,0.12757194617980183,1280.7443117015318,1321.2477559001863
2516991t.fits,-26.344766611577274,164.11450439004267,933,0.11693228412515674,1280.7483123032384,1321.2492218852099
2872561t.fits,17.429261956894454,185.41181542544965,931,0.12151204623856969,1280.7467471698308,1321.2485712056005
2504691t.fits,-19.176887486655477,111.98939279536287,961,0.06634808626295097,1280.7482195262598,1321.2491955124162
2762569t.fits,6.536608887808782,164.57106817373275,939,0.10883822564870493,1280.7487170838363,1321.2493695951982
2632163t.fits,-22.852951398206688,188.84023995123187,925,0.14686365631665596,1280.7488324151332,1321.249244739075
2446509t.fits,-25.68626587926457,149.14048517578644,933,0.13000038473175862,1280.7527267468372,1321.2538783825073
2437203t.fits,-26.17883812591258,152.4538410185603,964,0.13560022150168585,1280.752761509438,1321.2539468075236
2623780t.fits,-11.919050125347747,193.68764131185927,935,0.15161598909937019,1280.7486902014252,1321.2492325286096
2399656t.fits,23.765242665999594,105.07505977876647,943,0.10956578040910173,1280.7520381632837,1321.2529308741814
3019641t.fits,19.946709003769836,72.33392068767263,932,0.03310068875626426,1280.7442839846217,1321.2480907525946
2502852t.fits,-15.484279973906792,143.45864090936388,932,0.10121005779912642,1280.7484287888497,1321.249143991453
2425922t.fits,2.3473314881914056,147.86544146032708,976,0.2859992591564476,1280.7530963539823,1321.2541609600867
2446947t.fits,-25.462239994173938,98.38567819852057,952,0.0654099190981154,1280.752449610026,1321.2539708296626
2746500t.fits,24.037505530023537,166.35159674416843,927,0.1132673612670641,1280.748763166918,1321.2493405569935
3018472t.fits,22.265663281361828,197.90087431383466,936,0.18195960653399817,1280.7443215946805,1321.2480177061902
2606548t.fits,21.738376633830097,159.64600069849953,928,0.10771211780989506,1280.7487765739384,1321.249254329864
2882818t.fits,-4.714191556167249,200.8212360082628,924,0.1401645090860217,1280.7468653054,1321.2485511883963
2883366t.fits,-6.417133836009333,192.20211152592785,932,0.1304367813379545,1280.746919094191,1321.2485590485435
2898532t.fits,-26.212657888240543,139.08517810626824,923,0.07078631756009741,1280.7471066920643,1321.2485018715092
2662726t.fits,-24.42729735641802,200.4134892770688,942,0.13841414917505884,1280.7488723169056,1321.2493363017907
2620898t.fits,-4.869989929856368,159.8641983687854,924,0.12327300040439948,1280.7487612701022,1321.2492034608947
2305325t.fits,-26.310814571141663,275.86718333116147,967,0.19203123160758936,1280.7520414453998,1321.2530134643114
2305626t.fits,-26.284961727576796,277.7919624357675,933,0.1899987154135344,1280.7519911027998,1321.2529924849207
2892517t.fits,-22.806129660396245,199.15784484932792,921,0.13984810969921416,1280.74715150538,1321.2484672117694
2517178t.fits,-26.145143661645122,177.66375256684276,935,0.13590988958051553,1280.7483287597383,1321.2492331219582
2899425t.fits,-26.251743330190706,203.667519380922,929,0.14307087750776712,1280.7471078178266,1321.248548289843
2512279t.fits,-24.82516887942573,187.68373006027838,932,0.14654551715550276,1280.7484314027135,1321.2491473713742
2890083t.fits,-18.113163599465096,176.79796288659946,941,0.10882646126043326,1280.7459815693203,1321.2484923163524
2425728t.fits,2.834758878557376,144.20173252340442,960,0.2697533062249119,1280.752998021911,1321.2542501696068
2731857t.fits,26.516966367129374,194.6242984572332,934,0.15213568832305502,1280.748928482174,1321.2492722993152
2846108t.fits,18.915016213749066,115.42159537082091,937,0.049989492776074146,1280.7459245165762,1321.2485445767363
2305346t.fits,-26.444560478927233,270.25118238397573,977,0.18499341635247796,1280.7520414453998,1321.2530134643114
3061832t.fits,-26.193241391410208,163.80946172547104,927,0.09442316484816368,1280.744205174937,1321.2478648903705
2445939t.fits,-26.008718445448086,130.07869446516014,935,0.10382920575369577,1280.7525255235012,1321.2539142651444
2305645t.fits,-26.402547050747717,271.9841267087418,936,0.18160185934817663,1280.7519911027998,1321.2529924849207
2886595t.fits,-14.704957059765162,195.80996198145348,925,0.13097922178461938,1280.746242857588,1321.2486256692002
2516560t.fits,-26.28531499686508,185.18113369394766,933,0.1457244885073683,1280.7483442126465,1321.249181284577
2305329t.fits,-26.336279612434247,275.88185028145097,972,0.19134252445684394,1280.7520414453998,1321.2530134643114
2759697t.fits,14.435832320751192,190.46044197562256,927,0.1321001011565717,1280.7488837838423,1321.2493058880038
2883522t.fits,-6.86688094516223,188.97916213405102,928,0.12586537283458576,1280.7469908373469,1321.2485698440528
2638302t.fits,-26.233499999542193,200.63331706372688,924,0.1675361216452892,1280.7488472636924,1321.2492461441554
2886320t.fits,-14.203347293101098,175.68439695014425,925,0.1037389922802476,1280.7462385466242,1321.2485914082977
3013123t.fits,26.39534379062817,193.4775168846367,929,0.15912209706317176,1280.744190106972,1321.2476799062256
2619506t.fits,-1.7288395466937954,180.1722469185286,927,0.15096716391228873,1280.7487918105537,1321.2491633197067
2846740t.fits,20.820085878711247,158.11571890936722,929,0.08725675439890926,1280.7460290065535,1321.2485329967008
3024016t.fits,2.6882124501662292,162.56598572623727,924,0.12214785842238668,1280.7443512474415,1321.2481039955105
2493001t.fits,5.418288400850808,110.05599603535418,935,0.07292905045257704,1280.7483235263983,1321.2490338575958
2512551t.fits,-25.186720827450543,175.34575651815703,987,0.13252328260044238,1280.748432461473,1321.2491510213474
2504544t.fits,-18.8016859271444,123.9300650552666,943,0.07786001631896108,1280.7483179377955,1321.2491810218992
2882978t.fits,-5.138899240652222,125.73172664072605,926,0.06017309741003412,1280.7469178404667,1321.2485754435797
2882383t.fits,-3.562695405265894,207.29510636207968,924,0.14714774169841643,1280.7466608565858,1321.2485465883046
2618580t.fits,0.18906354202423287,134.8022145631486,927,0.09026173046114971,1280.7486386506778,1321.249189396628
2882680t.fits,-4.237207250251801,189.9550299676225,926,0.1272497279277781,1280.7468860168835,1321.2485391204502
2487655t.fits,16.739249180725242,150.00375088897502,930,0.1225572342631881,1280.7481770383326,1321.2490267588687
2619194t.fits,-1.3080786112399858,189.43438191217527,939,0.16538734196603003,1280.7486455950598,1321.2492144211733
3062840t.fits,-26.26035083301774,187.60427751135876,927,0.11976319070615095,1280.744237346553,1321.2477627964593
2620692t.fits,-4.4354840501915165,161.7254790087746,924,0.12539805110617752,1280.748829263816,1321.2491860256168
2470203t.fits,23.257692159613715,152.96249174094947,937,0.11553372614597998,1280.7482345775684,1321.248928921394
2882536t.fits,-3.937245231156605,178.4008796283818,925,0.1127493739423906,1280.746684945077,1321.2485430758554
2488339t.fits,15.287762614084633,159.30139185424676,930,0.13621523510781183,1280.74815197841,1321.2490436399366
2515636t.fits,-26.216188070903886,168.06564666649987,930,0.1222465022594057,1280.7483684301133,1321.249201584588
2885773t.fits,-12.746927657032236,186.04289994332254,933,0.1095345893813359,1280.746405891235,1321.2485640885147
2509821t.fits,-23.984201333346086,187.21533364634678,933,0.14937182893920414,1280.7485340866965,1321.2490893097709
2630360t.fits,-21.12554676110885,186.8008931892168,922,0.14630382637475753,1280.7488499189944,1321.2492224946989
2871254t.fits,20.338183782825702,189.61809583162062,935,0.12776774860855283,1280.7467201401562,1321.248524424487
2509400t.fits,-23.73095281935974,122.4732952869847,935,0.07224600361136999,1280.7483874889656,1321.249090744751
3025395t.fits,-1.8608095705417649,177.18266519572444,926,0.14045410370938827,1280.7443357788218,1321.248064646224
3019203t.fits,20.774935962345044,179.66795196366277,935,0.15619598548265903,1280.7442373541373,1321.2480741449567
2606742t.fits,21.49627864745386,190.09035767486554,925,0.1452723848293009,1280.748743954685,1321.2492462002924
3036337t.fits,-21.559085832516402,188.66879846495948,942,0.15975524344692288,1280.7441582754655,1321.2477755929058
2618217t.fits,0.8358790169149285,132.16696778900982,938,0.08790729326375972,1280.7486707646603,1321.249192308141
2492815t.fits,5.727239927299939,132.98282807888353,931,0.1005606573793094,1280.7483044746657,1321.249056343406
2629775t.fits,-20.52332969638219,186.75574187931974,920,0.1443414835417441,1280.748820721591,1321.2491937158266
2762028t.fits,8.024914745744145,191.9289633858613,940,0.14307398089025425,1280.7487002333075,1321.249399694816
2492434t.fits,6.526909952225157,152.93221102030523,930,0.12521346641484055,1280.7483440378278,1321.2490709323351
2763453t.fits,4.532476948706078,196.10252177560096,929,0.148120593478457,1280.7487669980098,1321.2493746513837
2492158t.fits,7.109797910069561,156.2908331038021,936,0.1276072460017567,1280.7482884003468,1321.2490369753607
2584449t.fits,24.073579537778514,167.94266644584232,939,0.11584899054091452,1280.7487079392495,1321.2492217602748
2515386t.fits,-26.185698320578663,99.51453523306799,964,0.050543285640833546,1280.7483786453665,1321.249175764076
2759491t.fits,14.84232680204802,187.27353497645612,927,0.12859953980468106,1280.7488870447187,1321.2493279801593
2503995t.fits,-17.622008734511265,161.41458520670787,945,0.12550350026701174,1280.7482981292123,1321.249157502032
2637849t.fits,-26.2233126721087,205.0261278669273,920,0.17290646401908116,1280.7488444210996,1321.2492417079648
2989857t.fits,23.013574985659645,129.25195026946201,938,0.06550689299154236,1280.7441474066839,1321.2477560242664
2305114t.fits,-26.30793182321587,261.9702463249068,949,0.17271034705932958,1280.7520821232526,1321.252957988617
2375265t.fits,22.630055485841854,99.37594085780235,944,0.10148517782568202,1280.7519654891992,1321.2527228322872
2607895t.fits,19.816665502925353,198.7792508053847,933,0.15667998420864374,1280.748745916398,1321.2492704585973
3014631t.fits,25.97168129146928,195.05797848646606,932,0.16477919240639538,1280.7441797609972,1321.2476711965307
2747401t.fits,22.835922158416082,163.22020417494417,958,0.11125912164054569,1280.7487734407962,1321.2493731103546
2921863t.fits,-18.873576728246185,143.04287936901628,923,0.0796944598526206,1280.7475229527693,1321.2484897645772
2759876t.fits,14.085975010812003,171.78518776144358,936,0.11249527275695803,1280.748942418898,1321.2493287036434
2539694t.fits,-20.72527883840917,199.09805836018427,944,0.16132680695235535,1280.7484909608884,1321.2491594835274
2518349t.fits,-25.794761256611743,143.38729960452295,935,0.09294931167704899,1280.7484299544212,1321.2491782145119
3062178t.fits,-26.328142633562823,207.06501818582475,926,0.14141362123670825,1280.7440924597959,1321.2478492672988
2606384t.fits,21.764036325623536,161.63085842804495,925,0.11055455984479713,1280.7488241632782,1321.2492647613212
3019638t.fits,19.955488168081395,113.65064159613868,932,0.06948935555618527,1280.7442839846217,1321.2480907525946
2469444t.fits,22.319294797697378,151.61008384238144,944,0.11419134967946527,1280.7481676954012,1321.2488854469507
3013272t.fits,26.424887333577324,192.51275704957737,929,0.15781896181980623,1280.7441723829993,1321.2476930573232
2746116t.fits,24.3616372707083,188.41930280601002,941,0.14074908183062723,1280.748792480184,1321.249307797447
2498662t.fits,-6.341209425670857,103.387672461419,943,0.05988518182889927,1280.7484201400937,1321.2490067936442
3021446t.fits,10.847909636271812,188.9090390033916,962,0.16803022683989144,1280.7443231839343,1321.2481404247706
2877070t.fits,5.768246273407825,204.34176783271542,936,0.14128018364872452,1280.7468421514182,1321.2485385848654
2899880t.fits,-26.14651974548694,175.7205938418986,921,0.10868257610835828,1280.7471413427986,1321.2485417004316
2920456t.fits,-21.47164928363158,182.62540384511897,950,0.12426269805833262,1280.7475898543494,1321.2484364140987
2491412t.fits,8.866546812556104,168.26794722372375,928,0.14304659475711132,1280.7482201169066,1321.2490472774907
2305514t.fits,-26.380911223271095,250.8995199217253,936,0.14886907629204377,1280.7520292905149,1321.253015273904
2636428t.fits,-25.986634996960664,171.09558273232236,927,0.12568538315572222,1280.7488276157435,1321.2492481529357
2376217t.fits,24.636644177544333,120.51531557619539,945,0.12015194479934924,1280.7517817829887,1321.252833880176
2305333t.fits,-26.37026945001459,274.77775960195487,972,0.19025312313507176,1280.7520414453998,1321.2530134643114
3062517t.fits,-26.243890618777176,133.0970646640343,939,0.06278958574814843,1280.7442202476275,1321.2478001764
2504881t.fits,-19.38934030991007,160.4277841229465,956,0.12315459057240992,1280.7482266925513,1321.2491752115463
3062014t.fits,-26.438144340792853,193.2014104745987,925,0.12604821648163025,1280.744212186226,1321.247789430413
2991174t.fits,24.82721145166262,181.50256611238694,936,0.12509318891365812,1280.7436597543,1321.2476713289716
2515845t.fits,-26.2248941900208,153.42018202211136,930,0.10384835423531641,1280.7484391767,1321.2491571428286
2305630t.fits,-26.310484390188112,276.39840750248675,934,0.18855725662101863,1280.7519911027998,1321.2529924849207
3029024t.fits,-13.396871870244945,163.31867514469238,925,0.12567993152524565,1280.7442135079116,1321.247881750684
2893534t.fits,-23.99898672072876,150.2788780677079,925,0.0825639128866714,1280.7470156167567,1321.2485324768054
2519210t.fits,-25.391804404529037,175.40051550911772,937,0.1319963712793045,1280.7483829971393,1321.2491744340869
2516282t.fits,-26.23727023083803,149.85060696971664,944,0.1005023123304193,1280.748417331512,1321.249171093316
2892890t.fits,-23.222770413079907,187.41374203281597,921,0.1242500540540303,1280.7469111029689,1321.248514514372
2664843t.fits,-22.385520666930034,167.43626942280954,925,0.10269703555199543,1280.7489932398319,1321.249318918
2872855t.fits,16.6516101197084,164.9165643474721,956,0.09835820218591242,1280.7468021950606,1321.2485135508366
2456237t.fits,-17.537026077396746,113.03933430785757,942,0.09608322938723984,1280.7531003789372,1321.253830612035
2517604t.fits,-26.07674762161582,187.98024606486422,945,0.14981040651112126,1280.7484654387326,1321.2491683023889
2399661t.fits,23.74646816882007,104.67911350082876,943,0.10940570209786601,1280.7520381632837,1321.2529308741814
3026024t.fits,-3.1015543648785786,127.02552591884299,931,0.07788014659533446,1280.7443279343624,1321.2480709554347
3025877t.fits,-2.7879183681032527,196.6018837398044,928,0.17142042678292685,1280.7442440643326,1321.2480810676589
2517395t.fits,-26.112909431836425,188.63297029406888,934,0.15118294619210243,1280.74833609375,1321.249199299148
2400804t.fits,22.54152605160215,120.45818786203215,945,0.13455203001791158,1280.7519885887036,1321.2529978020543
2632876t.fits,-23.375114707801398,186.71671439180764,920,0.1439524550427832,1280.7489218055282,1321.2492246705046
2437832t.fits,-26.350489574520136,42.09028907544288,992,0.01910056416373676,1280.7527059617676,1321.253903891138
2922011t.fits,-18.551425595595788,161.8547798905734,930,0.09943927274014484,1280.74755314748,1321.2484293978712
2447145t.fits,-25.445444074093803,146.20516894874487,954,0.12544378573681722,1280.7525945511265,1321.2539125112403
2513412t.fits,-25.677959144164543,184.3235861780029,932,0.1422327742320817,1280.7484629040882,1321.2491232365392
2487201t.fits,17.446990427270684,138.74644979148917,932,0.10756738188652795,1280.7481402355356,1321.2490741031568
2637356t.fits,-26.20032437014724,193.80657644253571,928,0.15781012557690088,1280.7488605100086,1321.249246915967
2624698t.fits,-14.174703414971388,86.85942485141493,936,0.041468612245189544,1280.748717321947,1321.2492261500336
2491812t.fits,7.728046327023364,150.08032079460042,970,0.11898975210580191,1280.7482620320168,1321.2490609975646
2883519t.fits,-6.857681590492586,186.48041416276672,928,0.12288815434939648,1280.7469908373469,1321.2485698440528
3020073t.fits,19.085717279213956,199.1169655733834,932,0.1784064345668003,1280.7442826511904,1321.2481133050376
2425437t.fits,3.068306059737489,111.72337120090654,950,0.1799831830866513,1280.7527831579227,1321.2536982728295
2869007t.fits,24.848469294478328,153.0147064076389,936,0.1018525740905763,1280.7462397954107,1321.2485408098405
2664645t.fits,-22.603149262583106,179.86666432947473,935,0.11517871624054375,1280.748887904788,1321.24935620893
2505068t.fits,-19.659754674460398,171.8061879080473,953,0.1366334310337353,1280.748220688511,1321.2491724611104
2886317t.fits,-14.194869907873501,181.23403719016204,925,0.10959107286930972,1280.7462385466242,1321.2485914082977
2503785t.fits,-16.941595216486494,89.82198755413371,935,0.04597074969680196,1280.7482338298796,1321.24917677807
3019779t.fits,19.814998175905362,165.43474951616307,934,0.12753501619936325,1280.7442386395414,1321.2480671818926
3024800t.fits,0.47116277720727723,160.70482948064023,937,0.12091441325684286,1280.7442342595923,1321.2480810743123
2990606t.fits,24.05203099171199,197.63680228676432,932,0.14744760042717608,1280.7441156898506,1321.2477084469162
2488146t.fits,15.679794592044844,94.48117448608998,931,0.05716623702886484,1280.7481175828063,1321.2490708068474
2602365t.fits,25.99578049369376,120.00130158672833,938,0.07008660586218385,1280.7487855667657,1321.2492443964768
2623561t.fits,-11.566534325420259,175.77806460709448,919,0.1292301667102294,1280.748761513122,1321.2491969141365
2871844t.fits,19.097442691427965,170.9133719574048,935,0.10567276794588583,1280.7467474983011,1321.2485436548495
2499234t.fits,-7.258215036663695,165.62666211177384,932,0.13423691097285195,1280.7483059201352,1321.2490532661338
2516557t.fits,-26.27778514323681,176.2686457474189,932,0.13317062250437967,1280.7483442126465,1321.249181284577
2400362t.fits,22.807095432300564,116.3883624490951,943,0.1274405348703629,1280.7518964462672,1321.2530132162779
2876201t.fits,7.240596411016026,192.97593624333442,936,0.12651733736121445,1280.74693243302,1321.2485734373524
2900520t.fits,-25.894526046667025,89.08255575033033,930,0.03256087227875197,1280.747286835964,1321.2484429868284
3062671t.fits,-26.278296854776052,119.17866328470502,931,0.05180490705268822,1280.7441654775278,1321.2477948829533
2491972t.fits,7.311827244988074,157.88584998929227,942,0.1286384477855534,1280.7483126622947,1321.2491010781798
2663442t.fits,-23.653701878741373,188.18686787111767,953,0.12421305516256571,1280.7489524335747,1321.249330808644
2516770t.fits,-26.189436147912396,175.0773619833167,932,0.13179583937080688,1280.7482238680866,1321.2492450678149
2498495t.fits,-5.995385910591265,159.2277511358039,929,0.12367013705710705,1280.748314348864,1321.2489823473288
2425919t.fits,2.3577868155995065,147.0329901687265,976,0.2839412163907149,1280.7530963539823,1321.2541609600867
2454116t.fits,-20.974522848911022,137.61678748205173,942,0.11395042351598256,1280.7530139447256,1321.2538546268988
2493380t.fits,4.854943151766388,168.3994503208299,962,0.15102249834984413,1280.7484056667417,1321.249019956144
3014919t.fits,25.802983812004918,195.65808619066635,928,0.16647551063441998,1280.7441407924427,1321.2476893592582
2425557t.fits,3.2682351008833077,146.08955835364307,951,0.2840778950156169,1280.753045515087,1321.2541992524073
2885398t.fits,-11.584971025348846,110.71799988847397,934,0.043132961873508686,1280.7466682002816,1321.2485457578978
2515390t.fits,-26.198117309052165,106.54579146010539,965,0.056531978188058614,1280.7483786453665,1321.249175764076
2883115t.fits,-5.491657924047155,98.96606647954917,939,0.04086077034703354,1280.7469093765837,1321.2485356074624
2618390t.fits,0.49787620329859805,155.62366400971555,925,0.11620186394188003,1280.748755203554,1321.2491842961522
2503412t.fits,-16.44831482835466,166.09002746144301,933,0.12982405407135772,1280.7483481651193,1321.24910680657
2620284t.fits,-3.57380620418127,197.66211534466655,925,0.1791241435742321,1280.748805995602,1321.2491703169608
2763099t.fits,5.3909591927055205,178.3474138786298,929,0.12569972163055265,1280.7488488941187,1321.2493801705398
2469997t.fits,23.137891719706165,143.4502057965335,939,0.10280602150740498,1280.7481880363603,1321.2489426734448
2872986t.fits,16.52133655662417,182.1099759107966,939,0.11856060856784852,1280.746689048217,1321.2484827199953
2469048t.fits,20.72571242317267,147.98624856274012,942,0.11033882871222564,1280.7481436994128,1321.2488795310724
2497601t.fits,-4.280989462633766,174.83012032325843,929,0.1472484984700777,1280.7483309447005,1321.2490924487581
2499432t.fits,-7.687984953734439,163.08663167822726,930,0.12964190828922623,1280.7480836614675,1321.2491032625942
2846739t.fits,20.821279004398384,161.96740191689716,929,0.09125235728884945,1280.7460290065535,1321.2485329967008
2497996t.fits,-5.069164351997989,172.94518046656515,934,0.1434844822820811,1280.7482986463756,1321.2490458119707
2401654t.fits,21.31488001678293,118.18927011149341,942,0.13293851157946773,1280.7520325925686,1321.2529888850588
2483272t.fits,26.28393431991299,146.01011483606928,940,0.11495663603178348,1280.7481222408105,1321.2490979892398
2664207t.fits,-23.0420664783637,157.8971442408223,936,0.09180519410773522,1280.7488716684113,1321.2493555186525
2901016t.fits,-25.688578548612234,195.3245532012345,940,0.1304175770026682,1280.7473306891193,1321.2484873214687
2502722t.fits,-15.190789454671068,158.70742560979446,963,0.11748971709294946,1280.748342094005,1321.2491397936708
3062839t.fits,-26.25777009642921,190.02530128309184,927,0.12252222794442547,1280.744237346553,1321.2477627964593
2469806t.fits,22.839750872145213,132.46667325234364,936,0.08962361381843133,1280.7481356292803,1321.2489573866262
2400164t.fits,23.308331184543775,116.50967846926935,943,0.12852156685810587,1280.7520079382396,1321.2529577399634
2600827t.fits,26.541238468723847,194.1785650279069,929,0.1487090801673005,1280.7488808709597,1321.2492374947706
2459288t.fits,-16.49448788934835,107.28091555024433,962,0.08388746917829981,1280.753164517434,1321.2540575761366
2518345t.fits,-25.775251094168034,104.82247495147875,933,0.05466030926305036,1280.7484299544212,1321.2491782145119
2637133t.fits,-26.156791890342,200.018574096867,928,0.16653676412442114,1280.7487857062195,1321.2492557282799
2665537t.fits,-21.642228321553887,191.76919375816155,932,0.12859151729271578,1280.7489849897613,1321.249402337913
2505262t.fits,-20.03778057411919,153.0035796128112,945,0.1109251534529025,1280.7481182803235,1321.2492130077874
2872283t.fits,18.212564808425107,146.82257910113947,954,0.0803208357332516,1280.746831818476,1321.2485371457817
2497807t.fits,-4.727835697319385,151.87365647313953,936,0.11446503798193479,1280.7482896080378,1321.2490496885964
2518061t.fits,-25.857048579601805,176.99354711742555,930,0.1351104891572114,1280.748264621587,1321.2491538772642
2518562t.fits,-25.688937899455574,169.90491093970073,939,0.12492297533818648,1280.748463818942,1321.2491701167794
2921089t.fits,-20.38385501975388,163.98137261455878,933,0.10134403372062048,1280.7475372746887,1321.2485095189322
3036572t.fits,-22.047331120060992,155.73068025627467,951,0.11198759968591143,1280.7441477865116,1321.247798859395
2618776t.fits,-0.4014363937235613,135.88620811369202,947,0.09242774178810637,1280.748672185972,1321.2492133166218
2600674t.fits,26.528725407278394,180.32227317439688,927,0.130313161450718,1280.7487522891117,1321.249267897909
2872560t.fits,17.43217906383061,192.7808977307752,931,0.13065538957563302,1280.7467471698308,1321.2485712056005
2516990t.fits,-26.342807206458783,139.5933398069289,933,0.08788535276211282,1280.7483123032384,1321.2492218852099
3015310t.fits,25.64817681549767,136.34789439576232,928,0.0865446481104504,1280.7443117015318,1321.2477559001863
2871112t.fits,20.517607131778036,122.38894782899446,943,0.057756955464447216,1280.7466951724734,1321.2485355122933
2601660t.fits,26.398498659576855,178.40992379369547,926,0.1279070144594459,1280.7488139066738,1321.2492632408962
2920942t.fits,-20.660778202656253,192.7085651188465,932,0.13631187101050163,1280.7474913480432,1321.2484769852558
2990455t.fits,23.85513995729504,190.2240615241427,930,0.1329760786817205,1280.7441506805926,1321.247714385053
2885612t.fits,-12.375205967023138,156.1855291557953,955,0.07962491496097844,1280.7466705302775,1321.2485732230984
2763279t.fits,4.963740982557532,192.66667604316248,929,0.1435888377080575,1280.7487431578713,1321.2493828674353
2868096t.fits,25.934879302945706,190.35739515162402,964,0.1543444053637098,1280.7463749753485,1321.248479064822
2620899t.fits,-4.873045308686247,164.69837521663456,924,0.12967351237419178,1280.7487612701022,1321.2492034608947
2762404t.fits,6.877574227694593,183.22619081125166,954,0.13272871310110246,1280.7487461447256,1321.2493558518124
2662727t.fits,-24.429280926264454,201.62124564451588,942,0.13841576167717123,1280.7488723169056,1321.2493363017907
2898533t.fits,-26.215284449024704,126.38355652596049,923,0.05947562836520422,1280.7471066920643,1321.2485018715092
2882819t.fits,-4.717262155676358,200.65718065887665,924,0.14078439389409908,1280.7468653054,1321.2485511883963
2883367t.fits,-6.420191869077079,191.50910436435137,932,0.12956421101545595,1280.746919094191,1321.2485590485435
2899424t.fits,-26.249183365661217,203.63767409369842,929,0.1428644928365034,1280.7471078178266,1321.248548289843
2512278t.fits,-24.822377655976172,181.77900639463576,932,0.1393554707822185,1280.7484314027135,1321.2491473713742
2517179t.fits,-26.147633688973826,178.68987762773833,935,0.13695010162481347,1280.7483287597383,1321.2492331219582
2892516t.fits,-22.803149213777484,194.98424573731538,921,0.1337219723164498,1280.74715150538,1321.2484672117694
2305627t.fits,-26.29136152467104,280.4857151091613,934,0.19260732137869652,1280.7519911027998,1321.2529924849207
2305324t.fits,-26.304347308257416,279.8221731434401,965,0.19738599489638134,1280.7520414453998,1321.2530134643114
3019343t.fits,20.74384356266194,194.3815405566759,945,0.17969245868161257,1280.7442728957085,1321.248036641455
2483269t.fits,26.291154987747053,140.6510615739337,940,0.10741624503043787,1280.7481222408105,1321.2490979892398
3019640t.fits,19.949638079972125,94.43526403192948,932,0.050709490892350904,1280.7442839846217,1321.2480907525946
2623781t.fits,-11.922082832188053,190.99060196090997,935,0.14786482778052126,1280.7486902014252,1321.2492325286096
2399657t.fits,23.761852713307043,112.20833862918411,943,0.12180391972384773,1280.7520381632837,1321.2529308741814
2446508t.fits,-25.683862492702293,149.71122769735456,933,0.13067297332495387,1280.7527267468372,1321.2538783825073
2437202t.fits,-26.17586809011966,150.40203087231788,964,0.1320464324347827,1280.752761509438,1321.2539468075236
3015179t.fits,25.612680862780575,91.4015670781421,929,0.04333280958371545,1280.7442290122935,1321.2477081412358
2632162t.fits,-22.85010652244697,190.795703458994,923,0.15012777551820752,1280.7488324151332,1321.249244739075
2504690t.fits,-19.174221305947547,105.83715150798713,961,0.06012462681673644,1280.7482195262598,1321.2491955124162
2746501t.fits,24.03467335943143,170.52791523392963,927,0.1183975362146998,1280.748763166918,1321.2493405569935
2401323t.fits,21.901369888180582,118.84475522536185,945,0.1330313396572874,1280.752149740752,1321.2529494494513
2882681t.fits,-4.251457462054665,178.82019389692854,926,0.11373533058554425,1280.7468860168835,1321.2485391204502
2618581t.fits,0.1868450652699589,138.10967956661318,927,0.09408707052073574,1280.7486386506778,1321.249189396628
2882382t.fits,-3.559681182966002,206.0560337450532,924,0.14553034930840125,1280.7466608565858,1321.2485465883046
2882979t.fits,-5.141967803068881,133.53403565262408,926,0.06703631349812546,1280.7469178404667,1321.2485754435797
2504545t.fits,-18.80451251999605,129.81619016096047,943,0.08414529583128928,1280.7483179377955,1321.2491810218992
2662942t.fits,-24.25771555050443,194.19751748093734,925,0.13120868908796182,1280.7488685989993,1321.2493296128798
2512550t.fits,-25.18436768455337,178.6677361101232,987,0.13747345240141923,1280.748432461473,1321.2491510213474
2493000t.fits,5.421533840865606,116.0563486526136,935,0.0796802844650605,1280.7483235263983,1321.2490338575958
3024017t.fits,2.6851369488742884,164.43028804702575,924,0.1251629328254431,1280.7443512474415,1321.2481039955105
2488338t.fits,15.290760180847188,158.80915359711793,930,0.13577821795635933,1280.74815197841,1321.2490436399366
2515637t.fits,-26.218831909596336,175.1601991910111,930,0.1316704321570322,1280.7483684301133,1321.249201584588
2606545t.fits,21.746751689244526,159.43547769846822,928,0.10701274960880239,1280.7487765739384,1321.249254329864
2620693t.fits,-4.438532445046769,162.50945490240917,924,0.12666141004974107,1280.748829263816,1321.2491860256168
2470202t.fits,23.259823252211262,156.22575179179344,937,0.11973899843860754,1280.7482345775684,1321.248928921394
2600830t.fits,26.534084885681857,193.10715471521493,929,0.1483350820454494,1280.7488808709597,1321.2492374947706
3062841t.fits,-26.262927604724872,191.14263639905107,927,0.12384935913510503,1280.744237346553,1321.2477627964593
2876334t.fits,7.172531336935135,193.32588713979268,931,0.126613720139081,1280.746920791694,1321.2485763633233
2619195t.fits,-1.3109838182065643,191.10430776873034,939,0.16698626636048197,1280.7486455950598,1321.2492144211733
2487654t.fits,16.742432274873906,156.54155862334864,930,0.13220190646795707,1280.7481770383326,1321.2490267588687
2445938t.fits,-26.00615827356146,133.56266361045232,935,0.10881193958490806,1280.7525255235012,1321.2539142651444
2886594t.fits,-14.701953427124154,197.8824007714995,925,0.13339080629953692,1280.746242857588,1321.2486256692002
2305644t.fits,-26.39703084739645,274.5996047900746,936,0.18442489338778695,1280.7519911027998,1321.2529924849207
2305347t.fits,-26.449676798840457,272.3757268351018,977,0.18798313986133453,1280.7520414453998,1321.2530134643114
3061833t.fits,-26.196049679752697,170.94869762197635,927,0.10248462615517354,1280.744205174937,1321.2478648903705
2846109t.fits,18.91341256214385,115.60468605510158,937,0.049682551085532455,1280.7459245165762,1321.2485445767363
2747576t.fits,22.597813296115383,190.3845234927637,966,0.1450786534850675,1280.7487852206677,1321.2493588330972
2503222t.fits,-16.148980531389807,165.91369453397357,932,0.1289719860474061,1280.7483897153345,1321.2491744811311
2425729t.fits,2.8315150446783424,145.6487232290891,960,0.27492930627763656,1280.752998021911,1321.2542501696068
2731856t.fits,26.51846677951228,193.5844711801286,934,0.1504750322366391,1280.748928482174,1321.2492722993152
2846741t.fits,20.818879403485056,174.82206813274416,928,0.10486182045995268,1280.7460290065535,1321.2485329967008
2619507t.fits,-1.7317211382124889,182.8017860997101,927,0.15544598851514776,1280.7487918105537,1321.2491633197067
3013122t.fits,26.39796125539048,192.18532101568405,929,0.15731505013038027,1280.744190106972,1321.2476799062256
2638303t.fits,-26.23608790938946,197.16715436650364,924,0.162520351779156,1280.7488472636924,1321.2492461441554
2759696t.fits,14.438845212171097,190.6029396637055,927,0.13286284812848934,1280.7488837838423,1321.2493058880038
2305328t.fits,-26.32996564348614,277.36261814694694,972,0.19357118311062288,1280.7520414453998,1321.2530134643114
2510783t.fits,-24.75677611028046,139.15997355101518,932,0.08637915372506436,1280.748468850813,1321.2491065003264
2401499t.fits,21.45033717076119,110.50400904631931,944,0.1186442653997519,1280.7522551471734,1321.2529371673436
2503024t.fits,-15.828008357174804,169.80449481007633,936,0.13729257655061144,1280.748307591628,1321.2491748383081
2991022t.fits,24.576343290954973,156.55386716080167,930,0.09333860276193429,1280.7443381995697,1321.2476115930415
2763452t.fits,4.535615401293726,193.42634944185173,929,0.14493491423269717,1280.7487669980098,1321.2493746513837
2492435t.fits,6.523693039559306,157.74520997908627,930,0.13283368534985945,1280.7483440378278,1321.2490709323351
2619896t.fits,-2.542476946561788,174.72704466454334,937,0.14335845300720373,1280.7487094990718,1321.249221906472
2762029t.fits,8.021876127994055,193.67117666190424,940,0.1451969784117256,1280.7487002333075,1321.249399694816
2629774t.fits,-20.520457274974753,193.10924962494872,920,0.15401090668729178,1280.748820721591,1321.2491937158266
2876913t.fits,5.997103847895753,201.88787904136217,924,0.13695939244136635,1280.7468959196833,1321.248533552817
2492814t.fits,5.730548390702828,133.2843749596318,931,0.10024516333916755,1280.7483044746657,1321.249056343406
2637848t.fits,-26.22068637672836,201.6899630892831,920,0.16900403695305075,1280.7488444210996,1321.2492417079648
2503994t.fits,-17.619344032728993,153.91349738007136,945,0.11589163174550796,1280.7482981292123,1321.249157502032
2759490t.fits,14.845319598864277,184.64452409807183,927,0.12554362265956817,1280.7488870447187,1321.2493279801593
2515387t.fits,-26.188541900672494,115.32844246800651,965,0.06409504089956714,1280.7483786453665,1321.249175764076
2513409t.fits,-25.670172495502072,182.4577111829727,932,0.14002664071337134,1280.7484629040882,1321.2491232365392
2584448t.fits,24.075482577070797,155.10231170305443,939,0.10049676753610882,1280.7487079392495,1321.2492217602748
2492159t.fits,7.106780461718711,155.615409504002,936,0.12654762647400325,1280.7482884003468,1321.2490369753607
3025394t.fits,-1.8581002775233553,175.293308434337,926,0.13770800031146915,1280.7443357788218,1321.248064646224
2509401t.fits,-23.733759002977408,115.74851326211304,935,0.06544638293058183,1280.7483874889656,1321.249090744751
2871255t.fits,20.335553732583783,189.14372450272342,935,0.12716598849852553,1280.7467201401562,1321.248524424487
2630361t.fits,-21.12845344869855,184.98822836450884,922,0.14356375553936454,1280.7488499189944,1321.2492224946989
2509820t.fits,-23.981383387919273,182.20344705943532,933,0.14249185946995413,1280.7485340866965,1321.2490893097709
2885772t.fits,-12.744202388062032,181.3493570018704,933,0.10431181588709731,1280.746405891235,1321.2485640885147
2618216t.fits,0.8388208826921603,123.1994464653818,938,0.07811899165945284,1280.7486707646603,1321.249192308141
2606743t.fits,21.49349783679388,190.63972014699684,925,0.1459892587660531,1280.748743954685,1321.2492462002924
3019202t.fits,20.77785413196154,185.65533887250598,935,0.16518835757776232,1280.7442373541373,1321.2480741449567
2763688t.fits,3.803745627898332,164.68446534011497,933,0.10991154780311113,1280.7488039810478,1321.2493857561174
2920457t.fits,-21.47361661149002,173.32165828012558,952,0.11324714884810644,1280.7475898543494,1321.2484364140987
3018341t.fits,22.153384771510513,191.64491262176324,932,0.17212359780164307,1280.7443329649436,1321.2480814336325
2469045t.fits,20.73041887711601,131.29914612577727,942,0.08961579293835426,1280.7481436994128,1321.2488795310724
2899881t.fits,-26.14907882137629,183.686644811558,921,0.11782913960172751,1280.7471413427986,1321.2485417004316
3021447t.fits,10.845392671420935,191.95423170125866,963,0.17354779618015184,1280.7443231839343,1321.2481404247706
2498663t.fits,-6.344276409810166,114.67124062578793,941,0.07120964864829873,1280.7484201400937,1321.2490067936442
2877071t.fits,5.765215799900363,204.42249887978733,936,0.14233082857480836,1280.7468421514182,1321.2485385848654
3013273t.fits,26.42228817189298,191.85386149310978,929,0.15657960581098865,1280.7441723829993,1321.2476930573232
2746117t.fits,24.358837034179746,184.4798913207211,941,0.13533916868278376,1280.748792480184,1321.249307797447
3062015t.fits,-26.44006941562477,187.317819241019,926,0.11901337377306659,1280.744212186226,1321.247789430413
2305631t.fits,-26.3167055906836,276.5892737702697,934,0.18790492787506557,1280.7519911027998,1321.2529924849207
2991175t.fits,24.825312258828514,183.32359526270787,935,0.12738161196533718,1280.7436597543,1321.2476713289716
2305332t.fits,-26.36424631978175,266.95468118850374,972,0.17961217081757225,1280.7520414453998,1321.2530134643114
3062516t.fits,-26.24109640093086,103.19191395964218,939,0.040396728720543756,1280.7442202476275,1321.2478001764
2636429t.fits,-25.989519741139866,176.8456457612746,926,0.1330221757443037,1280.7488276157435,1321.2492481529357
2305515t.fits,-26.386664234059836,249.1119760237045,935,0.14614815906251924,1280.7520292905149,1321.253015273904
2491413t.fits,8.863415014035555,167.69485844372213,928,0.14190777103238522,1280.7482201169066,1321.2490472774907
2747400t.fits,22.838791183326993,160.48914647639674,958,0.1078015564274453,1280.7487734407962,1321.2493731103546
2921862t.fits,-18.871952428729944,129.67822366925208,923,0.06656349357368435,1280.7475229527693,1321.2484897645772
2375264t.fits,22.632195386823962,104.33853662891138,944,0.10931560105445706,1280.7519654891992,1321.2527228322872
3014630t.fits,25.974355609896243,196.1925996886136,932,0.1661201121006748,1280.7441797609972,1321.2476711965307
2989856t.fits,23.01554976625962,123.26301071619784,939,0.06029707935370264,1280.7441474066839,1321.2477560242664
2305115t.fits,-26.314409455953776,264.6402362938166,949,0.1767769194962394,1280.7520821232526,1321.252957988617
3019639t.fits,19.952564600189874,87.80983718605187,932,0.04509412714278242,1280.7442839846217,1321.2480907525946
2469445t.fits,22.317298356431508,153.47742466200188,944,0.11640148021831404,1280.7481676954012,1321.2488854469507
2606385t.fits,21.761184675909014,170.07077194258255,925,0.11996865698226895,1280.7488241632782,1321.2492647613212
2446950t.fits,-25.469409066560775,132.82643558483525,952,0.10700672302637179,1280.752449610026,1321.2539708296626
2991019t.fits,24.58299643736037,153.75221251737477,930,0.09046668794758098,1280.7443381995697,1321.2476115930415
3062179t.fits,-26.33075456778089,208.34517218520517,926,0.14253761709685206,1280.7440924597959,1321.2478492672988
2518348t.fits,-25.792470951546317,154.64782993246496,934,0.1063741802533758,1280.7484299544212,1321.2491782145119
2459285t.fits,-16.491303202710213,108.6895391930113,961,0.08590863168745684,1280.753164517434,1321.2540575761366
2539695t.fits,-20.72695166608468,200.11376629090898,944,0.1630851465123485,1280.7484909608884,1321.2491594835274
3020072t.fits,19.088641881095313,197.91564742570762,932,0.17668896214432933,1280.7442826511904,1321.2481133050376
2491813t.fits,7.72491792729591,133.74934554874994,970,0.09700151237744435,1280.7482620320168,1321.2490609975646
2624699t.fits,-14.177719939501277,87.47785809865356,935,0.04219782400888364,1280.748717321947,1321.2492261500336
2487200t.fits,17.450149493686904,140.0929779076876,932,0.10877463855713662,1280.7481402355356,1321.2490741031568
2503219t.fits,-16.140122994569325,158.72131656860793,932,0.11919715738159332,1280.7483897153345,1321.2491744811311
2664644t.fits,-22.601291464989313,183.66311354678004,935,0.11947132438664347,1280.748887904788,1321.24935620893
3028684t.fits,-12.260015624129696,194.50985758391815,926,0.1700529869144193,1280.744231575138,1321.24785647659
2402541t.fits,21.10110783088224,114.05115045846767,950,0.1272325662392328,1280.7522003676092,1321.252966302613
2869006t.fits,24.850964812277766,149.43117610158282,936,0.09801933956338241,1280.7462397954107,1321.2485408098405
2425436t.fits,3.0706049334786334,99.49495185525222,950,0.14979103384823522,1280.7527831579227,1321.2536982728295
2517605t.fits,-26.079131573189805,191.0302446088693,945,0.15446246088157475,1280.7484654387326,1321.2491683023889
2990299t.fits,23.75148534106995,179.24864739195118,931,0.12174596568223726,1280.7442446956898,1321.247752419368
2664842t.fits,-22.383785837874154,172.95426875032842,925,0.10779346649877856,1280.7489932398319,1321.249318918
2762911t.fits,5.78185933335663,116.93115153944274,932,0.061910717281908,1280.7487080419223,1321.249385613169
2516283t.fits,-26.23987617772705,142.443558297869,945,0.0920827053234931,1280.748417331512,1321.249171093316
2892891t.fits,-23.225563686402836,184.53063458026037,921,0.12072185379977975,1280.7469111029689,1321.248514514372
2519211t.fits,-25.39400409392826,175.81893480980773,937,0.13216973357412382,1280.7483829971393,1321.2491744340869
2893535t.fits,-24.00179408754686,149.28345384810456,925,0.0820097722350254,1280.7470156167567,1321.2485324768054
3029025t.fits,-13.399588424823614,161.62980307112286,925,0.12286597741539432,1280.7442135079116,1321.247881750684
2922010t.fits,-18.54983367913952,185.26689193911628,930,0.12716569110746012,1280.74755314748,1321.2484293978712
2875817t.fits,8.737786466873334,79.486478717549,941,0.026012521662833323,1280.7469784633684,1321.248529784108
2732276t.fits,26.543611272438874,189.64320846774947,935,0.14639596821710918,1280.7490306111645,1321.249217653069
2447144t.fits,-25.44357692509272,141.62718047682756,954,0.11889534977503213,1280.7525945511265,1321.2539125112403
2885395t.fits,-11.576787123255706,113.45309016459015,934,0.045029907380180076,1280.7466682002816,1321.2485457578978
2437833t.fits,-26.353235575109746,37.43203135620068,992,0.016474887265522868,1280.7527059617676,1321.253903891138
2400805t.fits,22.538096407159724,119.1777755675913,945,0.13303843771630736,1280.7519885887036,1321.2529978020543
2632877t.fits,-23.377962337117392,190.28102263025775,920,0.14918486566943717,1280.7489218055282,1321.2492246705046
3025876t.fits,-2.784905713995765,201.21204638645372,928,0.1796577178504073,1280.7442440643326,1321.2480810676589
2517394t.fits,-26.110458846630234,191.84205722408123,934,0.15555022827766535,1280.74833609375,1321.249199299148
2399660t.fits,23.74985896172505,103.19693648551308,943,0.1064890162932543,1280.7520381632837,1321.2529308741814
2493381t.fits,4.851660639624585,166.95387836715716,962,0.14850465576133579,1280.7484056667417,1321.249019956144
2454117t.fits,-20.97610188106708,133.0484614260109,942,0.10793978516181524,1280.7530139447256,1321.2538546268988
2872858t.fits,16.642635313442657,152.60243320860334,956,0.08512623006248589,1280.7468021950606,1321.2485135508366
2498494t.fits,-5.9923565861685,136.9871090830411,929,0.09538031032196267,1280.748314348864,1321.2489823473288
2516771t.fits,-26.192000789493523,177.2011109244153,932,0.1350280073535146,1280.7482238680866,1321.2492450678149
2663443t.fits,-23.65576563715247,187.67737597395546,953,0.12289919173413924,1280.7489524335747,1321.249330808644
2601384t.fits,26.463889663859646,195.1565629926221,926,0.1524200026921675,1280.74881266254,1321.2492427130235
2491973t.fits,7.3086745811477005,158.75199211396517,942,0.13003252741985294,1280.7483126622947,1321.2491010781798
2457066t.fits,-16.850329605426023,132.07070355806343,962,0.1138479148943302,1280.7531790528728,1321.2541038377176
2618391t.fits,0.49514758159986927,167.06505343700297,925,0.13097603076294748,1280.748755203554,1321.2491842961522
2883114t.fits,-5.48863227573685,96.23589147377041,939,0.03885416892834678,1280.7469093765837,1321.2485356074624
2890703t.fits,-19.42504032348066,172.89591999533957,922,0.10479906232714997,1280.7460863759234,1321.248472942424
2515391t.fits,-26.20077200829912,123.07016664743078,965,0.07205066408098633,1280.7483786453665,1321.249175764076
2425556t.fits,3.277339990699315,149.1024846735625,951,0.29407518335695954,1280.753045515087,1321.2541992524073
3014918t.fits,25.805657595630205,194.7957549215039,928,0.1651435859263059,1280.7441407924427,1321.2476893592582
2399969t.fits,23.479445475763207,103.57505042935624,943,0.1098373040705065,1280.7519795538892,1321.25292381944
2871845t.fits,19.094666791504117,156.94905383007884,935,0.09042754762212821,1280.7467474983011,1321.2485436548495
2623560t.fits,-11.563498244383473,172.07374594463363,919,0.12512829553180874,1280.748761513122,1321.2491969141365
2624396t.fits,-13.037156888509985,116.28986861797482,927,0.06347919826197528,1280.7487243432688,1321.2492180338656
2733201t.fits,26.450903724772058,158.76274542806158,926,0.10653142794465649,1280.748872353652,1321.2492762181096
2900697t.fits,-25.812061182633705,199.52753591916743,921,0.1313020611500279,1280.7472511160652,1321.2484547937445
2602364t.fits,25.99830551398649,128.29991898732587,938,0.07844812978173868,1280.7487855667657,1321.2492443964768
2488147t.fits,15.67658877541531,95.71290800747845,931,0.05816268891133237,1280.7481175828063,1321.2490708068474
2990607t.fits,24.049915866345923,197.36401165799097,932,0.14708544655131067,1280.7441156898506,1321.2477084469162
2503784t.fits,-16.93870171947314,110.13018255402234,936,0.06369202959988873,1280.7482338298796,1321.24917677807
3024801t.fits,0.46873549335117404,192.61495962435424,937,0.16923557743794682,1280.7442342595923,1321.2480810743123
2882224t.fits,-3.2502033070950893,200.81320550701747,924,0.13871954932782687,1280.7466716797653,1321.248561448297
3062670t.fits,-26.275552158306375,119.75016052445194,931,0.05207959273287812,1280.7441654775278,1321.2477948829533
2505065t.fits,-19.6511126241377,169.259559156646,953,0.1334438328884361,1280.748220688511,1321.2491724611104
2876200t.fits,7.243591000556181,189.22535908342752,935,0.12217554146136225,1280.74693243302,1321.2485734373524
2400363t.fits,22.803914694301408,114.27241739300578,943,0.12387755724567723,1280.7518964462672,1321.2530132162779
2762572t.fits,6.528865645650968,159.97807012258926,938,0.10388157995346911,1280.7487170838363,1321.2493695951982
2607898t.fits,19.808100275458166,201.90215323565948,931,0.16129553685200287,1280.748745916398,1321.2492704585973
2502723t.fits,-15.19361373710494,158.44623538724787,963,0.11726397329698529,1280.748342094005,1321.2491397936708
2664206t.fits,-23.04010838774964,152.98699697010488,935,0.08706257468853493,1280.7488716684113,1321.2493555186525
2871546t.fits,19.736291585284754,188.1680625510447,927,0.12426576915725696,1280.7467128620642,1321.2485106957101
2401655t.fits,21.31162371058869,119.52165263565506,942,0.13536302047982618,1280.7520325925686,1321.2529888850588
2518060t.fits,-25.854672741250088,176.60317544485451,930,0.13479544692249246,1280.748264621587,1321.2491538772642
2502849t.fits,-15.475494284502275,140.0777050910551,932,0.09736064239842544,1280.7484287888497,1321.249143991453
2497806t.fits,-4.724806107126683,160.98625552455005,936,0.1269947342043725,1280.7482896080378,1321.2490496885964
2518344t.fits,-25.77289579851773,88.19509835591708,933,0.0417854050039052,1280.7484299544212,1321.2491782145119
2505263t.fits,-20.0404822290727,158.27460467749302,945,0.11774285097977683,1280.7481182803235,1321.2492130077874
2665536t.fits,-21.64058939384065,192.1402787807053,932,0.12869425554745026,1280.7489849897613,1321.249402337913
2400165t.fits,23.30515565616792,111.87351222039716,943,0.12002745349819736,1280.7520079382396,1321.2529577399634
3018469t.fits,22.273945169718658,199.42412768757848,936,0.18405088407653455,1280.7443215946805,1321.2480177061902
2499433t.fits,-7.6909834509746835,165.03264177410227,930,0.13245394919058634,1280.7480836614675,1321.2491032625942
2497600t.fits,-4.2779411473597175,173.42396120581296,929,0.14420916092615796,1280.7483309447005,1321.2490924487581
2872987t.fits,16.51859482296507,189.63043944162857,939,0.12770254142710152,1280.746689048217,1321.2484827199953
2889634t.fits,-17.139998661941956,205.55250355661252,937,0.14348200988414148,1280.7460886461163,1321.2484704477135
2469996t.fits,23.139241089425663,144.37348470849898,939,0.10385089012211794,1280.7481880363603,1321.2489426734448
2763098t.fits,5.393902289112389,174.98845776305623,929,0.12175863141122482,1280.7488488941187,1321.2493801705398
2620285t.fits,-3.576857641228603,184.63246967497173,925,0.1580794113806344,1280.748805995602,1321.2491703169608
2503413t.fits,-16.451286109888,171.94661831893018,933,0.13764074225603729,1280.7483481651193,1321.24910680657
2515848t.fits,-26.232805238850773,164.9548338610701,930,0.11775447870554592,1280.7484391767,1321.2491571428286
3012993t.fits,26.478536741005833,188.06894932319184,929,0.15027075344845675,1280.744123091086,1321.2476813675669
2497997t.fits,-5.072238452880399,172.62127131688868,934,0.1427522006972786,1280.7482986463756,1321.2490458119707
2921410t.fits,-19.795562088552245,200.82963605923905,926,0.1467604345076669,1280.7474009197551,1321.2484958156517
2426459t.fits,0.9789369462525855,142.52673828817495,960,0.27159664081073953,1280.7531449552512,1321.2541007736884
2663151t.fits,-24.072589629104513,186.01268279670194,928,0.12155773613444046,1280.7488924429424,1321.2493378182942
2876914t.fits,5.994086083616508,202.57072642122174,924,0.13851186692536588,1280.7468959196833,1321.248533552817
2492813t.fits,5.733787433334029,134.96651029127025,931,0.10282179220358127,1280.7483044746657,1321.249056343406
2503023t.fits,-15.825081700194541,171.84438203682322,936,0.14025353964692444,1280.748307591628,1321.2491748383081
2492432t.fits,6.533372598667292,149.41443320084838,930,0.12056031221543606,1280.7483440378278,1321.2490709323351
2763455t.fits,4.5266073412011805,193.09021523704735,929,0.14517349411673888,1280.7487669980098,1321.2493746513837
2629773t.fits,-20.517590495711637,180.78808095632132,920,0.1360979063132715,1280.748820721591,1321.2491937158266
2618986t.fits,-0.8112240617276639,180.59781470767672,953,0.15249842427568924,1280.748718326506,1321.2491871088098
2619706t.fits,-2.208174103756428,160.48046915211665,927,0.12389526407958211,1280.748753254822,1321.249159378838
2585537t.fits,25.04401546391797,178.91249821888093,940,0.1375999834184246,1280.7487753002663,1321.2492536173572
2509621t.fits,-23.943384480038247,184.6931369781819,934,0.14913142044165412,1280.7484523467836,1321.2490907997862
2871252t.fits,20.34341949711219,185.0708828062195,935,0.12216929184699638,1280.7467201401562,1321.248524424487
2898957t.fits,-26.240547327530447,139.33124271379265,928,0.07155710704222841,1280.7471697752242,1321.2484784408957
3025393t.fits,-1.8553785811201797,172.18838067786743,926,0.13357335201486492,1280.7443357788218,1321.248064646224
2762209t.fits,7.490995310483134,189.50960915941454,949,0.14054295733022462,1280.7487268855843,1321.2493962709837
2447917t.fits,-24.700294623789883,143.55043302013755,937,0.12191715233457391,1280.7526371623574,1321.2539187323484
2509197t.fits,-23.531484885293306,108.59530656396522,937,0.056676666691565326,1280.7484342573453,1321.2490642435446
2400989t.fits,22.34014023533362,91.35469365848148,950,0.0865214179316609,1280.7520389390036,1321.2530299958544
2540639t.fits,-19.25003816346953,187.97509493734054,986,0.14740004822998354,1280.748623224688,1321.2491661717324
2375010t.fits,22.146607409994704,99.59832530581231,945,0.11821003364096641,1280.7518987800527,1321.2527814366908
2518789t.fits,-25.624664042077747,129.8755973145674,959,0.07828781511139883,1280.7483666885512,1321.2491680244161
2763118t.fits,5.148464363252722,162.42814378750455,929,0.10655766882048792,1280.7488488941187,1321.2493801705398
2758617t.fits,16.51796504740001,174.88531629207642,926,0.11496056904775734,1280.7488942135633,1321.2493312610613
2882385t.fits,-3.568713373737319,203.6719317907519,924,0.14285282294315693,1280.7466608565858,1321.2485465883046
2584249t.fits,23.916722645599812,160.4188059463177,977,0.10766231096353168,1280.7487259026125,1321.2492296942562
2488518t.fits,14.974440913508262,136.23653527266302,932,0.10350090118675885,1280.748085550149,1321.2490871187752
2876333t.fits,7.175298540440619,195.37155541256482,931,0.1291616504461193,1280.746920791694,1321.2485763633233
3024658t.fits,0.40845326297928913,145.99966622246538,940,0.10207923602377213,1280.7442720436923,1321.2481041315298
2487653t.fits,16.745646732670945,153.04531224549595,930,0.12737343493476494,1280.7481770383326,1321.2490267588687
2400189t.fits,23.032652157220003,91.85711722519417,943,0.08749233573438397,1280.7520079382396,1321.2529577399634
2890859t.fits,-19.655426335616593,193.75207011169056,922,0.13005781736411798,1280.7461029496035,1321.2484857750028
2921715t.fits,-19.185461771402345,138.20261091324366,922,0.07500317963181982,1280.7474329304846,1321.2484863636003
3021280t.fits,11.369167555493938,148.42816336196677,956,0.10725360692604682,1280.7443026587664,1321.2481242458791
2890085t.fits,-18.117788218168528,167.66989396625402,941,0.09871610610937495,1280.7459815693203,1321.2484923163524
2886593t.fits,-14.69895350930449,196.29342155116882,925,0.1312319014326752,1280.746242857588,1321.2486256692002
2305643t.fits,-26.39115763880044,273.26426463036086,936,0.18312382248907272,1280.7519911027998,1321.2529924849207
2305340t.fits,-26.411689764768063,262.88389211689656,975,0.17506347135451927,1280.7520414453998,1321.2530134643114
3061834t.fits,-26.19867730840945,158.77749536259725,927,0.08923770883251746,1280.744205174937,1321.2478648903705
2920290t.fits,-21.72744467152187,189.92614746668244,955,0.13417586963780273,1280.74752895463,1321.2484576866548
2454691t.fits,-20.092180311521037,131.68887288335455,941,0.10414304332450611,1280.7531498234841,1321.253836669148
2510784t.fits,-24.759510637264036,145.43675161074185,932,0.09293181216187252,1280.748468850813,1321.2491065003264
2584649t.fits,24.216598672760036,174.96028886108115,937,0.1245007080917429,1280.7488340290163,1321.2492352668844
2513608t.fits,-25.759316487090597,189.68270183103488,932,0.14996885599119664,1280.7484332169677,1321.249172507902
3013125t.fits,26.390096075389515,196.5648189500601,929,0.16322941811890015,1280.744190106972,1321.2476799062256
2305508t.fits,-26.315107209544195,256.8240338554335,934,0.15561447648179166,1280.7520292905149,1321.253015273904
2630000t.fits,-20.77463723024601,193.96202806690835,923,0.15499114623720123,1280.7487902793916,1321.2492203749143
2898534t.fits,-26.217906708596193,124.68902353857048,923,0.05859374677059949,1280.7471066920643,1321.2485018715092
2892359t.fits,-22.71373744278509,135.46852530450383,929,0.06987602094144688,1280.7470928716384,1321.2484820436837
2629584t.fits,-20.28157553752184,181.8603133112453,920,0.13733855126538327,1280.748753661494,1321.2492084255236
3021155t.fits,11.689430052617405,190.48958109559234,972,0.17043296060638424,1280.7444095815688,1321.2480975973517
2885234t.fits,-11.19651695843845,106.38246345535796,935,0.04027998975615905,1280.7465539777684,1321.2485768468007
2732629t.fits,26.619158622902617,195.11673098889847,933,0.15269323988466477,1280.7488535799553,1321.2492933228812
2762403t.fits,6.87981109885716,183.7734396833439,952,0.1339040272031538,1280.7487461447256,1321.2493558518124
2602582t.fits,25.902910368449025,166.12786105325375,923,0.1156473349592514,1280.7487783953768,1321.2492950928913
2305620t.fits,-26.245457303065596,280.2529937133734,933,0.19180649151464715,1280.7519911027998,1321.2529924849207
2305323t.fits,-26.297689070984777,275.68178160989703,965,0.191146169807651,1280.7520414453998,1321.2530134643114
2515177t.fits,-26.175362924076254,77.7883687509678,962,0.03428754314797278,1280.7483588139933,1321.2491701411266
2512884t.fits,-25.27378089998956,171.84308675182615,930,0.12495291631328004,1280.7486125949038,1321.2490958448202
2899423t.fits,-26.246619709409234,204.08798972137896,929,0.1427517671990293,1280.7471078178266,1321.248548289843
3019060t.fits,20.88618317879967,175.21579987040565,932,0.14496886647053328,1280.7441922366784,1321.2480968837215
2631936t.fits,-22.65912454517953,125.689598812606,922,0.07477356306090444,1280.748892167594,1321.2492417228204
3019344t.fits,20.74139648521951,196.8236041266664,945,0.18471839297385267,1280.7442728957085,1321.248036641455
2446328t.fits,-25.78027152289013,150.3846240389363,935,0.1327769045398988,1280.7527607032032,1321.2538753677143
2892736t.fits,-23.017887250298322,185.50182375346648,921,0.12193078518695195,1280.747001251024,1321.2485116547136
2513204t.fits,-25.53710412455228,174.79150214422756,932,0.1289106679914985,1280.7484316556356,1321.2491288062197
2586107t.fits,25.64146518406285,164.24488316522815,937,0.11820035791371795,1280.7487822212925,1321.2492724187496
2401324t.fits,21.898259110614198,111.98324550581377,945,0.12096487869366043,1280.752149740752,1321.2529494494513
3024951t.fits,-0.3230647940763113,167.24845992309892,926,0.12999109541853826,1280.7443049215192,1321.2480782053005
2456421t.fits,-17.19457362001533,87.22749563886725,961,0.06262430883152542,1280.7533439408442,1321.2539762520769
2631711t.fits,-22.442548167621002,149.85360613156072,923,0.0986623364023893,1280.7489119537813,1321.249212236833
2921570t.fits,-19.503772344306828,165.5376491927879,922,0.10397563992059022,1280.7473047254923,1321.248537343705
2890539t.fits,-19.104688825946468,200.62326637214392,924,0.13741190101449352,1280.7460044207603,1321.248514912067
2608078t.fits,19.450080903557172,192.3373846788762,923,0.14802439412745402,1280.748815340357,1321.249230735613
2893806t.fits,-24.344629185106303,202.96312638215352,923,0.1437968922076532,1280.746957457705,1321.2485211456885
2517812t.fits,-26.009411564989342,184.8042059470155,943,0.14558619516334093,1280.7483537345006,1321.2491734438063
2399818t.fits,23.520082906372124,101.79331150890526,943,0.10437306829797102,1280.7520330141317,1321.2529772068838
2630606t.fits,-21.340825227799005,158.07502256612,921,0.10823672288464775,1280.7488635119935,1321.2492244313378
2513090t.fits,-25.505420802505743,142.30708727289425,932,0.09026237832284603,1280.7483918447417,1321.2491545815126
2503608t.fits,-16.915137685838904,166.14204709170897,934,0.1300112508338812,1280.7483082405922,1321.2491300518252
2920945t.fits,-20.666364329528722,191.84639514478826,932,0.1352268042452652,1280.7474913480432,1321.2484769852558
2426771t.fits,-0.08780853876115707,90.65391743084903,969,0.12865065519778102,1280.7530473647384,1321.2540974775957
3036188t.fits,-21.435041364076945,158.79479085987376,945,0.11696257150130611,1280.7442123548838,1321.24776435982
2877209t.fits,5.622539983561022,198.346512488742,943,0.13267361850724718,1280.7467959353928,1321.2485353906347
2585921t.fits,25.490863026554614,171.9308360633211,937,0.1277652756773539,1280.7488351075308,1321.2492354485046
3013912t.fits,26.308318083889382,153.178318158727,932,0.10520953975935737,1280.7442763364147,1321.2476762705746
2664426t.fits,-22.818330718420185,175.6650577219846,938,0.10984754868529004,1280.7488159254399,1321.2493354470237
2518343t.fits,-25.770535557749284,97.04649787536977,933,0.048274904564914733,1280.7484299544212,1321.2491782145119
2637135t.fits,-26.162304812424736,203.23253393642673,928,0.1725433251874694,1280.7487857062195,1321.2492557282799
2455390t.fits,-18.859796166070762,42.77959131905546,969,0.01969272416626786,1280.7530896834583,1321.253871362868
3025736t.fits,-2.0842926493766645,200.29794406981696,936,0.17756840236209956,1280.7442910272207,1321.2480620309786
2665316t.fits,-21.899479356883578,193.58785629840347,938,0.13029716665981902,1280.748793856798,1321.2493896705066
2900404t.fits,-25.954881345631957,159.68305044961883,940,0.09131873443018779,1280.747253439461,1321.2484801307348
2872285t.fits,18.207267645266825,118.02689497436826,953,0.05424481158988419,1280.746831818476,1321.2485371457817
2747243t.fits,22.989518288851595,100.92193705046006,932,0.05046061941876456,1280.7488326756406,1321.249336108961
2437988t.fits,-26.345040120661462,151.84194129657155,977,0.13575241516620726,1280.7528146677382,1321.2539171620288
2499710t.fits,-8.273718351130288,168.99666900508794,929,0.13772567526303378,1280.748181082462,1321.2490440711279
2889633t.fits,-17.137019721707862,204.42478592701556,937,0.1419170430786143,1280.7460886461163,1321.2484704477135
2758790t.fits,16.170011934225275,122.07266484116846,927,0.06043613607612261,1280.7489374327238,1321.2493480392445
2491250t.fits,8.990834910882116,156.53799207690543,940,0.12596131831566676,1280.7482367874795,1321.2490369693114
2759316t.fits,15.072216675231966,179.5692448269879,927,0.11963800674290666,1280.7488650409168,1321.2493418861816
2503414t.fits,-16.45425839895067,172.27048565829523,933,0.1385766520570291,1280.7483481651193,1321.24910680657
2516073t.fits,-26.254974294081503,186.50371258583561,934,0.1477920319323126,1280.7483016987496,1321.2491670075292
2620282t.fits,-3.5677121247583,195.8869150606996,925,0.17565785556408578,1280.748805995602,1321.2491703169608
2499434t.fits,-7.6939836924778335,165.5073744737992,930,0.1327110519435827,1280.7480836614675,1321.2491032625942
2492622t.fits,5.9904765154896715,158.52374243054544,930,0.135844079277329,1280.7481799352463,1321.2490388823833
2607699t.fits,19.883861458255627,200.00439582650085,940,0.15904463873975372,1280.7487004613895,1321.2492384040927
3029247t.fits,-13.602406720415907,143.13957639253434,942,0.09927072684079248,1280.744208950131,1321.2478362516217
2920130t.fits,-21.99174722165658,190.74882866379468,962,0.13561882527585173,1280.7475739957677,1321.2484315628233
3012994t.fits,26.47575134865187,183.79909730349496,929,0.14382392336010813,1280.744123091086,1321.2476813675669
2498304t.fits,-5.843344282695222,167.02438803342199,936,0.13530993369991243,1280.748454224431,1321.2489807402258
2607043t.fits,20.917642252527692,126.9391451362705,937,0.073845224928746,1280.7487521171627,1321.2493072652135
2305339t.fits,-26.40536677175735,241.85433446470861,976,0.14975176635308815,1280.7520414453998,1321.2530134643114
2898698t.fits,-26.200079997436205,146.88189627740283,924,0.07787958849326931,1280.747232681598,1321.2484730048443
2606076t.fits,22.350866828940656,163.60848871720097,929,0.11243876030686548,1280.7488023790588,1321.24925546098
2491974t.fits,7.305717280477673,152.2552072975565,942,0.12046285576807125,1280.7483126622947,1321.2491010781798
2624703t.fits,-14.191584730610074,87.93667288254932,935,0.042342558007083975,1280.748717321947,1321.2492261500336
2601383t.fits,26.466278487860283,190.2565936798112,926,0.14543197381973894,1280.74881266254,1321.2492427130235
3036727t.fits,-22.284236859531187,185.3824600134546,944,0.1535388251729251,1280.7442154200603,1321.2478000874476
2402895t.fits,19.80056977346441,120.70610339705547,952,0.14056360193236375,1280.752257391749,1321.252926941327
2487961t.fits,16.03434001004664,139.0960462460538,930,0.1085097055634473,1280.7480119207555,1321.2490974872483
2498493t.fits,-5.989321715391759,150.0983672532667,929,0.11296258367179739,1280.748314348864,1321.2489823473288
2663444t.fits,-23.657818842217143,185.30049034302112,953,0.12057017464267891,1280.7489524335747,1321.249330808644
2437419t.fits,-26.19965666666599,147.94653899820378,961,0.12729410487453116,1280.7526438406828,1321.2539589312605
2893052t.fits,-23.42829725097791,194.5165529772129,921,0.1326746005721153,1280.7469592959455,1321.2484929389054
2883113t.fits,-5.485609375724005,118.39718452102662,939,0.05523075699075285,1280.7469093765837,1321.2485356074624
2890704t.fits,-19.427951855605315,178.56856200564337,922,0.11105950550113003,1280.7460863759234,1321.248472942424
2872411t.fits,17.631852517439732,198.50668401974497,947,0.13774982796725788,1280.746744376499,1321.2485947293017
2602363t.fits,26.00082219519411,144.29531305619986,938,0.0955100800615003,1280.7487855667657,1321.2492443964768
2504188t.fits,-17.769776303037467,159.66691738104092,932,0.11915013396324411,1280.7483257529323,1321.2491404998962
3019782t.fits,19.80688749570976,183.44570753405335,935,0.1539577247900126,1280.7442386395414,1321.2480671818926
2540640t.fits,-19.251561282457,187.57974128003846,986,0.14681222619900441,1280.748623224688,1321.2491661717324
2503783t.fits,-16.93581477710862,113.7421560763723,935,0.06743050411347926,1280.7482338298796,1321.24917677807
2401157t.fits,22.310512863919957,121.85641899117734,956,0.13880170553116739,1280.7521142765852,1321.2529536226853
2305318t.fits,-26.264509214999094,274.62948757065976,965,0.18964529162905072,1280.7520414453998,1321.2530134643114
2731447t.fits,26.29592300725466,190.39353685764283,939,0.14559754971647684,1280.7490168977583,1321.249250544492
3028556t.fits,-11.81773925171886,159.17532317992814,926,0.11747262618760734,1280.7442232178732,1321.2479168183052
2499232t.fits,-7.252168453274043,161.77592492173855,932,0.12852161689201325,1280.7483059201352,1321.2490532661338
2601159t.fits,26.573763252672613,132.80775759664854,929,0.07816507020759683,1280.7487809830648,1321.2492893938224
2882223t.fits,-3.2474063189508207,200.59551928058576,924,0.13824453820959934,1280.7466716797653,1321.248561448297
2510106t.fits,-24.293702174635218,182.9062593547024,934,0.14166901649348046,1280.7484804978276,1321.2491033348892
2991717t.fits,25.48529168727453,185.37849121608065,935,0.138799764618759,1280.7443654184374,1321.2475703356172
2631143t.fits,-21.830128041547756,197.3149808939538,925,0.156703399208171,1280.7488906192718,1321.2492163997188
2638078t.fits,-26.222735260743306,202.25582605821606,940,0.17101700747707163,1280.7488596843627,1321.2492395732934
3036060t.fits,-21.259434886065474,198.8267116489584,944,0.1766807628840618,1280.7441416703664,1321.247768790782
2456079t.fits,-17.91857967559374,107.68209811261988,996,0.09234640088543222,1280.7531157678982,1321.2538223988204
2426308t.fits,1.5410118335445702,126.93851837999564,967,0.228956869851403,1280.753047564664,1321.2541621219964
2455845t.fits,-18.206746762351546,114.81885184889487,939,0.09384720171262222,1280.7531136637847,1321.2538116317974
3024147t.fits,2.4573356675311735,203.92921097969972,926,0.18737625789141943,1280.7442161910449,1321.2480891592434
2868487t.fits,25.40162790726423,179.43792891090578,973,0.13723283067171396,1280.746288729912,1321.2484642610389
3028683t.fits,-12.257285330959403,196.87870749763962,926,0.1738094256672668,1280.744231575138,1321.24785647659
2664643t.fits,-22.599421318629226,185.21890881444577,935,0.1211601396571103,1280.748887904788,1321.24935620893
2890540t.fits,-19.107614418016382,200.63225302749908,924,0.13699041206875445,1280.7460044207603,1321.248514912067
2518995t.fits,-25.609518818709272,169.87808929599777,948,0.1253099720523663,1280.7483211168167,1321.2491407420769
2608249t.fits,19.212695552363854,182.3829011723908,926,0.13447238345934434,1280.7487778687816,1321.2492741866415
2663791t.fits,-23.46015182385531,179.4848505849218,958,0.11519691305966616,1280.7489017950684,1321.249358545954
2886456t.fits,-14.340866022615625,156.75339069401187,929,0.08725479490300866,1280.7462343884442,1321.2485586401035
2487396t.fits,17.077878813985773,156.570495684797,933,0.13225838822382951,1280.748082274553,1321.2490742931755
2899578t.fits,-26.281559460832792,192.87449064915063,921,0.12960581760274612,1280.7471262923825,1321.2485577366951
2517393t.fits,-26.108004569967818,189.51571773526547,934,0.15208846850390145,1280.74833609375,1321.249199299148
3026022t.fits,-3.095987351008381,163.3660794763496,932,0.12280921262522512,1280.7443279343624,1321.2480709554347
2437834t.fits,-26.355788566714782,43.32304817380224,992,0.019909723602842305,1280.7527059617676,1321.253903891138
2845947t.fits,18.58257053621473,128.5816607722854,941,0.0600429324156019,1280.7460084982217,1321.2485065743892
2539894t.fits,-20.439318263632796,198.23120249770696,954,0.1603265640352448,1280.7484483762353,1321.249178871221
2498664t.fits,-6.3485699386501615,85.12984184165366,941,0.04357834073086876,1280.7484201400937,1321.2490067936442
2467155t.fits,16.825857274525156,131.11649840985336,937,0.0895468057330974,1280.748418935893,1321.2489395745324
2886077t.fits,-13.500693384065885,145.87218203551856,925,0.07117129617748892,1280.7462367238,1321.2485644894182
2631490t.fits,-22.107504453389655,168.35132441127783,924,0.12223128261329161,1280.7488491925276,1321.2492147469852
2899136t.fits,-26.23715855234683,203.7731423764636,935,0.14293439367616342,1280.7471350917472,1321.2485047853656
2763626t.fits,4.145408681467465,190.3816097574696,931,0.14034516306190428,1280.7488039810478,1321.2493857561174
2305512t.fits,-26.369044142333998,266.8328223615879,935,0.1673976409553856,1280.7520292905149,1321.253015273904
2632657t.fits,-23.181909015831994,165.00640988654197,930,0.11733269832968854,1280.7488253980607,1321.2492527831091
2732077t.fits,26.48564698168076,197.04403767002785,920,0.15544054646872946,1280.748944244764,1321.2492804379488
2491414t.fits,8.860499888940993,169.3560638503748,928,0.14385089737641682,1280.7482201169066,1321.2490472774907
3062012t.fits,-26.434264499318328,189.76182992194254,925,0.12170179499202334,1280.744212186226,1321.247789430413
2991172t.fits,24.83098042576847,179.56870606908612,938,0.12229820868403765,1280.7436597543,1321.2476713289716
2305636t.fits,-26.350611131332077,280.44629900620737,935,0.1922981142396043,1280.7519911027998,1321.2529924849207
2305335t.fits,-26.382152172968624,272.60616314049065,971,0.18828658921698657,1280.7520414453998,1321.2530134643114
2375263t.fits,22.63433007418873,109.93419092490198,944,0.11963940318350585,1280.7519654891992,1321.2527228322872
2889477t.fits,-16.936987255084436,189.48919918308198,934,0.12309431170273918,1280.7461200466641,1321.2484755097514
2872718t.fits,16.951179204325786,146.84220820772012,928,0.07787574015296467,1280.7467356038708,1321.2485002587816
2601018t.fits,26.4790519316849,181.57175356563062,927,0.13280149648875325,1280.7488235900921,1321.24922132608
3024509t.fits,0.8097801799915959,177.94979026830066,947,0.14789563431231922,1280.7442317935743,1321.248083486673
2539692t.fits,-20.721895356756928,201.49395393803866,944,0.16510355082124467,1280.7484909608884,1321.2491594835274
2885927t.fits,-13.121791766274413,193.9594849295698,926,0.11876489144310098,1280.746204070817,1321.2485732189057
2607207t.fits,20.646379788882854,169.47784890210056,941,0.11952154118809646,1280.7486828816802,1321.249303202839
2469442t.fits,22.323258804200673,152.66384331948524,945,0.11547504606526247,1280.7481676954012,1321.2488854469507
2606382t.fits,21.76974404365667,159.46439700461025,925,0.1076852569888442,1280.7488241632782,1321.2492647613212
3018746t.fits,21.89231790958101,199.5514195196074,931,0.18418664824651754,1280.7443955632825,1321.2480500055487
3025392t.fits,-1.852649047416186,174.1466008820659,926,0.136460399740785,1280.7443357788218,1321.248064646224
2872006t.fits,18.84900633150042,191.85533734064998,942,0.13088282321459405,1280.7468701238604,1321.248464114589
2898956t.fits,-26.237927616887358,139.31965621675457,928,0.07128565138247914,1280.7471697752242,1321.2484784408957
2871253t.fits,20.340806452817866,185.41320246826524,935,0.1227470305395029,1280.7467201401562,1321.248524424487
2375011t.fits,22.144445093207267,96.33384065243982,945,0.11233716775210822,1280.7518987800527,1321.2527814366908
2400988t.fits,22.343311260631474,104.77945688315467,950,0.10794337556027428,1280.7520389390036,1321.2530299958544
2509196t.fits,-23.528656016505742,101.24335391855955,937,0.0505107573712057,1280.7484342573453,1321.2490642435446
2447916t.fits,-24.698279907870287,141.9171771607794,937,0.11965546260091661,1280.7526371623574,1321.2539187323484
3014262t.fits,26.247021205606487,176.53577450417947,948,0.13579176678022106,1280.7433664527216,1321.2477833088155
2629772t.fits,-20.51472796660407,189.04698853373174,920,0.14816920963286134,1280.748820721591,1321.2491937158266
2876037t.fits,7.814660038570682,178.65000278803646,926,0.1053717738612219,1280.7469784633684,1321.248529784108
3036730t.fits,-22.292977289264044,178.00202046191416,944,0.1423547450534609,1280.7442154200603,1321.2478000874476
2503022t.fits,-15.82214926726969,170.3325584704408,936,0.13835265780446393,1280.748307591628,1321.2491748383081
2763454t.fits,4.529538773686111,194.62455012937855,929,0.14670087704909027,1280.7487669980098,1321.2493746513837
2492433t.fits,6.530151117687487,156.27808451532186,930,0.13035546373691678,1280.7483440378278,1321.2490709323351
2876915t.fits,5.991073189334209,203.2723476321496,924,0.13993440158868176,1280.7468959196833,1321.248533552817
2426458t.fits,0.9823624606601522,144.15833961319325,960,0.27597897715234765,1280.7531449552512,1321.2541007736884
2921411t.fits,-19.79742442766665,201.48570632993068,926,0.1474643326873647,1280.7474009197551,1321.2484958156517
2663150t.fits,-24.070647574985205,180.71128059859743,928,0.11568554737381176,1280.7488924429424,1321.2493378182942
3036185t.fits,-21.4263520486096,169.5623529591635,945,0.13134843475911284,1280.7442123548838,1321.24776435982
2893662t.fits,-24.17805034369775,100.10353077912534,923,0.04124041803499088,1280.7469880548167,1321.2485310059092
2509620t.fits,-23.940614270786277,175.78535608692746,934,0.13673688893339286,1280.7484523467836,1321.2490907997862
2585536t.fits,25.04625337033515,164.95169747750833,940,0.11954266600752075,1280.7487753002663,1321.2492536173572
2618987t.fits,-0.8139644533567519,173.81403625407296,954,0.1423560604103727,1280.748718326506,1321.2491871088098
2619707t.fits,-2.2111410851421702,149.79369925317246,927,0.10935367902910093,1280.748753254822,1321.249159378838
2758787t.fits,16.178991420172064,151.69394735056235,927,0.0867873082394379,1280.7489374327238,1321.2493480392445
2868861t.fits,25.07605128224004,61.510942649724974,936,0.022327966464374377,1280.7462811519908,1321.24853821278
2920291t.fits,-21.729579039729725,191.5428896030133,954,0.13617989433930533,1280.74752895463,1321.2484576866548
2305341t.fits,-26.41736915904833,276.7544103899665,976,0.19275384936221163,1280.7520414453998,1321.2530134643114
3061835t.fits,-26.201305240246963,181.17050396768502,927,0.11347091424715645,1280.744205174937,1321.2478648903705
3021158t.fits,11.681358120580231,191.00485041333312,972,0.17104316518596702,1280.7444095815688,1321.2480975973517
2305642t.fits,-26.385645432648992,267.3655666244061,936,0.17636798345775098,1280.7519911027998,1321.2529924849207
2890084t.fits,-18.115482795336913,176.67837743368526,941,0.10842890738797509,1280.7459815693203,1321.2484923163524
3021281t.fits,11.366291761421069,172.04095706905449,957,0.14073708494846876,1280.7443026587664,1321.2481242458791
2305509t.fits,-26.321427002731465,249.98741744713678,934,0.14799771377771526,1280.7520292905149,1321.253015273904
3013124t.fits,26.392721309687133,197.05776503994832,929,0.1643576308919874,1280.744190106972,1321.2476799062256
2623376t.fits,-11.239214701702137,154.51377069365518,919,0.10187456133503374,1280.7488258942305,1321.2491900592868
2513609t.fits,-25.761921944476995,190.27854224932906,932,0.15067902728022475,1280.7484332169677,1321.249172507902
2584648t.fits,24.218734702787202,181.3830011650137,937,0.13265683591420876,1280.7488340290163,1321.2492352668844
2510785t.fits,-24.76224174425283,153.65880886269585,932,0.10239748027132604,1280.748468850813,1321.2491065003264
2454690t.fits,-20.090538542615676,131.4575656189489,941,0.10397226936483601,1280.7531498234841,1321.253836669148
2584248t.fits,23.918360195802673,164.5444157015634,977,0.11265019765890437,1280.7487259026125,1321.2492296942562
2882384t.fits,-3.5657038879336587,206.0583247361081,924,0.14591897347027755,1280.7466608565858,1321.2485465883046
2446325t.fits,-25.77307406943598,149.38297022251348,935,0.13123051380576672,1280.7527607032032,1321.2538753677143
2758616t.fits,16.520953022613746,182.06667931139845,926,0.1232386059354339,1280.7488942135633,1321.2493312610613
2763119t.fits,5.146386629336986,160.79972977630143,929,0.10498998602941517,1280.7488488941187,1321.2493801705398
2890858t.fits,-19.652476719109316,201.79803301212513,922,0.13962313748214394,1280.7461029496035,1321.2484857750028
2470204t.fits,23.255648368096907,152.82758584313717,937,0.11576439709918303,1280.7482345775684,1321.248928921394
2487652t.fits,16.74881366880626,157.31167354875916,930,0.13347021012937818,1280.7481770383326,1321.2490267588687
3024659t.fits,0.4055061134227868,132.09648926711907,941,0.08513902507820068,1280.7442720436923,1321.2481041315298
2876332t.fits,7.17805991997321,190.92186674973718,930,0.1232649269583714,1280.746920791694,1321.2485763633233
2488519t.fits,14.971411027590339,151.1848527578939,932,0.12385443278374877,1280.748085550149,1321.2490871187752
2892737t.fits,-23.02273548070392,186.53035474289686,921,0.12345973294065363,1280.747001251024,1321.2485116547136
2513205t.fits,-25.539772819673463,182.84903075954128,932,0.1399027114025881,1280.7484316556356,1321.2491288062197
3019345t.fits,20.738932099747085,197.19455302108,945,0.18534303119767384,1280.7442728957085,1321.248036641455
3013909t.fits,26.31634495625634,157.37921213484825,932,0.11032337209153015,1280.7442763364147,1321.2476762705746
3019061t.fits,20.883356401556608,153.1850365560501,932,0.11339636697716646,1280.7441922366784,1321.2480968837215
2437204t.fits,-26.18161933650889,151.24504102162945,964,0.13331614293708632,1280.752761509438,1321.2539468075236
3015182t.fits,25.60467035338768,91.43508305650757,929,0.04341741014435137,1280.7442290122935,1321.2477081412358
2921718t.fits,-19.19054581729283,153.53724269679043,922,0.09036533435135506,1280.7474329304846,1321.2484863636003
2401502t.fits,21.440275297754784,111.118349402598,945,0.12016405250139854,1280.7522551471734,1321.2529371673436
3024950t.fits,-0.31998563121686613,166.09104103780325,926,0.12823332203996363,1280.7443049215192,1321.2480782053005
2401325t.fits,21.894944949450014,114.42139235774161,945,0.12561242714213003,1280.752149740752,1321.2529494494513
2762402t.fits,6.882061347383912,182.52891132164297,952,0.13230597991930426,1280.7487461447256,1321.2493558518124
2732628t.fits,26.621126146668608,200.52262490520204,933,0.16066128489129117,1280.7488535799553,1321.2492933228812
2885235t.fits,-11.199215247449828,107.95139832425329,935,0.04125226706373149,1280.7465539777684,1321.2485768468007
2892358t.fits,-22.71086606049317,156.61207339092994,929,0.0909026600203129,1280.7470928716384,1321.2484820436837
2629585t.fits,-20.284480338627603,178.85054602901468,920,0.1338016230603907,1280.748753661494,1321.2492084255236
2630001t.fits,-20.77748811816437,194.69522002589108,923,0.15577415571146094,1280.7487902793916,1321.2492203749143
2898535t.fits,-26.220526738229776,113.00864139117917,923,0.049527242057772876,1280.7471066920643,1321.2485018715092
2623981t.fits,-12.243699718571404,159.79659639386935,952,0.10899547330452461,1280.748796964157,1321.2492041626317
2305505t.fits,-26.259189289885533,248.71353829870793,937,0.14621304208921446,1280.7520292905149,1321.253015273904
2899422t.fits,-26.244062286352612,198.8120616257599,929,0.1369611470280063,1280.7471078178266,1321.248548289843
2512885t.fits,-25.27650936555469,168.245647578263,930,0.12085815788525446,1280.7486125949038,1321.2490958448202
2447651t.fits,-24.809690154793447,148.63932567578826,941,0.12889589623312542,1280.7526298645155,1321.253911861934
2305322t.fits,-26.291157220713778,274.9839754651671,964,0.19024182203579704,1280.7520414453998,1321.2530134643114
2305621t.fits,-26.252233860748003,290.8585085279573,934,0.20635152652306138,1280.7519911027998,1321.2529924849207
2602583t.fits,25.900371713709205,176.39504097509067,923,0.12730241081917432,1280.7487783953768,1321.2492950928913
2885614t.fits,-12.380559355983321,166.91733552923986,955,0.09001584882209089,1280.7466705302775,1321.2485732230984
2920641t.fits,-21.207147750563283,177.03396359001005,934,0.1169439279786108,1280.7474414765275,1321.2484943634356
2990453t.fits,23.85932586455452,191.5383066781111,930,0.13489768629187587,1280.7441506805926,1321.247714385053
2898836t.fits,-26.422549858192372,184.31362344788587,928,0.11891341339158912,1280.7471748200871,1321.2484462049133
2920944t.fits,-20.664519469755252,194.53285610697935,932,0.1387143095752677,1280.7474913480432,1321.2484769852558
2503609t.fits,-16.917927814489396,165.18342113142356,934,0.12855196564611132,1280.7483082405922,1321.2491300518252
2877208t.fits,5.624757885306976,199.71972581808936,943,0.13488111319643373,1280.7467959353928,1321.2485353906347
3036574t.fits,-22.05307785415265,170.59531601033993,950,0.13244651717825776,1280.7441477865116,1321.247798859395
2631710t.fits,-22.43972371424231,154.63621849501553,923,0.10361534332677727,1280.7489119537813,1321.249212236833
2871114t.fits,20.511904528709508,152.92479081184746,942,0.08575926895916905,1280.7466951724734,1321.2485355122933
2399819t.fits,23.516670641120125,104.80453355163762,943,0.10951292653098778,1280.7520330141317,1321.2529772068838
2893201t.fits,-23.624504750313008,195.3801070162207,921,0.13337720789182492,1280.7469185019556,1321.248516608038
2868490t.fits,25.394022117190584,186.01456236405892,973,0.14715324442526886,1280.746288729912,1321.2484642610389
2893807t.fits,-24.34742597977272,201.09873057894407,923,0.14117585042407907,1280.746957457705,1321.2485211456885
2608079t.fits,19.447148834089766,192.12222959178945,923,0.1475343029773264,1280.748815340357,1321.249230735613
2492623t.fits,5.987623096216673,155.83056512322875,930,0.1317494464134308,1280.7481799352463,1321.2490388823833
2499435t.fits,-7.696978138032924,156.37172461104626,930,0.12029722481240354,1280.7480836614675,1321.2491032625942
2620283t.fits,-3.5707571414230346,196.17113167501086,925,0.17592451790306912,1280.748805995602,1321.2491703169608
2516072t.fits,-26.25236878077857,189.13547729047997,934,0.14998058502655132,1280.7483016987496,1321.2491670075292
2467158t.fits,16.822116493267583,129.03073609425377,936,0.08744706173268016,1280.748418935893,1321.2489395745324
2759317t.fits,15.069238410722514,177.37363331181893,927,0.11781840626968267,1280.7488650409168,1321.2493418861816
2889632t.fits,-17.134052965486003,204.69277541324848,937,0.14232538765915032,1280.7460886461163,1321.2484704477135
2499711t.fits,-8.276339344691625,168.75818278164334,929,0.13759125645751463,1280.748181082462,1321.2490440711279
2491251t.fits,8.987868103470008,155.91508508963912,940,0.12542353100876058,1280.7482367874795,1321.2490369693114
2437989t.fits,-26.347448188202844,153.1254927084352,976,0.1380843579218809,1280.7528146677382,1321.2539171620288
2898699t.fits,-26.202911498494426,133.51737828644772,924,0.06627969717146259,1280.747232681598,1321.2484730048443
2607042t.fits,20.920500656226817,132.39205960452367,936,0.07902263773133313,1280.7487521171627,1321.2493072652135
2498305t.fits,-5.845650393799412,164.74430022692897,937,0.13291236856506655,1280.748454224431,1321.2489807402258
2305338t.fits,-26.399700540660987,253.08672936113402,976,0.16274301937647528,1280.7520414453998,1321.2530134643114
3012995t.fits,26.473291243123864,187.65181465983167,929,0.14937991743501555,1280.744123091086,1321.2476813675669
2920131t.fits,-21.99359175158909,192.50283188666532,962,0.13696343958300572,1280.7475739957677,1321.2484315628233
3029246t.fits,-13.599950598507995,154.28302326384863,942,0.11358178980497693,1280.744208950131,1321.2478362516217
2607698t.fits,19.88675273155511,199.41867148228732,940,0.15887900357443152,1280.7487004613895,1321.2492384040927
2664427t.fits,-22.820268957035115,175.32473470747263,938,0.10938612650543472,1280.7488159254399,1321.2493354470237
2401653t.fits,21.318320119879797,117.3015005469434,942,0.13128895001192206,1280.7520325925686,1321.2529888850588
2636901t.fits,-26.1310279202773,199.29602757936922,935,0.16548014712458833,1280.7487667013381,1321.2492439384152
2601015t.fits,26.48652092323211,178.8477726423753,927,0.12946725171089768,1280.7488235900921,1321.24922132608
2585920t.fits,25.493049933568155,175.27457737392754,937,0.13165063383078868,1280.7488351075308,1321.2492354485046
2747242t.fits,22.99233976880223,102.13526147010026,932,0.051426349004392635,1280.7488326756406,1321.249336108961
3019936t.fits,19.40528270682584,184.25614349541516,935,0.1553302829120417,1280.7442279311133,1321.2481390797795
2872284t.fits,18.20992064138946,133.6372591590896,954,0.0673173735023549,1280.746831818476,1321.2485371457817
2900405t.fits,-25.95754367698603,167.68260876737003,938,0.09904461986433057,1280.747253439461,1321.2484801307348
3025737t.fits,-2.0864969569487446,202.6223863258687,935,0.18095179503987677,1280.7442910272207,1321.2480620309786
2510301t.fits,-24.28607533108928,192.7211467996149,933,0.1554566944820195,1280.7484605391346,1321.2491135311948
2455391t.fits,-18.86123417420802,94.31030914397408,968,0.061341988883379224,1280.7530896834583,1321.253871362868
2637134t.fits,-26.159636839325742,203.1210177003331,928,0.17216026382404834,1280.7487857062195,1321.2492557282799
2305319t.fits,-26.27117069862572,282.48718025256284,966,0.20047650026772706,1280.7520414453998,1321.2530134643114
2401156t.fits,22.312975627280466,122.85722175247618,956,0.1398664372446276,1280.7521142765852,1321.2529536226853
2871843t.fits,19.10021666203182,171.90338208794546,935,0.1068197282639728,1280.7467474983011,1321.2485436548495
2503782t.fits,-16.932930600482198,158.0736374250766,935,0.11917589769862466,1280.7482338298796,1321.24917677807
2540641t.fits,-19.25307242838401,188.73718509332656,986,0.14902687695631367,1280.748623224688,1321.2491661717324
2446211t.fits,-25.85192728674531,126.18727029050228,935,0.09907456947350969,1280.7526477982572,1321.253913048409
2504189t.fits,-17.77273001473163,158.72659566016097,932,0.11809056681402239,1280.7483257529323,1321.2491404998962
2990302t.fits,23.746878327885767,170.44679998689324,930,0.11116083481860184,1280.7442446956898,1321.247752419368
2638079t.fits,-26.22552591510903,204.38022469666228,940,0.17492211457554907,1280.7488596843627,1321.2492395732934
2631142t.fits,-21.82725052521247,199.84604634435237,926,0.16033032798640018,1280.7488906192718,1321.2492163997188
2882222t.fits,-3.244601796719776,201.17021400221898,924,0.13911961752703111,1280.7466716797653,1321.248561448297
2601158t.fits,26.57583901027184,146.56170204729312,930,0.09148626734993034,1280.7487809830648,1321.2492893938224
2517809t.fits,-26.002237200868443,183.23182223549023,942,0.14298612271705596,1280.7483537345006,1321.2491734438063
2991716t.fits,25.48688749412339,175.2562891662138,935,0.1250040369388949,1280.7443654184374,1321.2475703356172
2510107t.fits,-24.296440991182187,183.27690680734258,934,0.14246359438146092,1280.7484804978276,1321.2491033348892
2455848t.fits,-18.210710036448145,103.48542402326603,939,0.0797010992673023,1280.7531136637847,1321.2538116317974
2499233t.fits,-7.2551922559394475,162.51201569891313,932,0.129567686081123,1280.7483059201352,1321.2490532661338
2731446t.fits,26.29804497434104,186.40196725065525,939,0.1401349261045503,1280.7490168977583,1321.249250544492
2663445t.fits,-23.659863120607167,183.07916792768606,953,0.11782170538320033,1280.7489524335747,1321.249330808644
2498492t.fits,-5.9862823249284745,146.67394643299966,929,0.10768268883693671,1280.748314348864,1321.2489823473288
2487960t.fits,16.037547427353417,132.4002696142608,930,0.0997381411692363,1280.7480119207555,1321.2490974872483
2601382t.fits,26.468660417153043,189.9593814801775,926,0.14439703507560225,1280.74881266254,1321.2492427130235
2624702t.fits,-14.18857909465952,98.5165340896517,935,0.050316284815891066,1280.748717321947,1321.2492261500336
2900700t.fits,-25.81941810723625,201.00876156006385,921,0.13257772749012944,1280.7472511160652,1321.2484547937445
2606077t.fits,22.348355939087952,162.57795933344931,929,0.11085614475769641,1280.7488023790588,1321.24925546098
2890705t.fits,-19.430843552339383,167.707993767735,922,0.0990713911075645,1280.7460863759234,1321.248472942424
2893053t.fits,-23.43109663631043,190.38052629809485,921,0.12776116100460805,1280.7469592959455,1321.2484929389054
2883236t.fits,-6.183432307565443,196.0948113024727,943,0.13643221375702186,1280.7468479515178,1321.248576347531
2437418t.fits,-26.196854450259575,152.71241558724438,963,0.13412988995024278,1280.7526438406828,1321.2539589312605
2899579t.fits,-26.284001371487978,193.45016203658145,921,0.13024978859937253,1280.7471262923825,1321.2485577366951
2487397t.fits,17.074887962865066,150.041798928753,933,0.12256961872469296,1280.748082274553,1321.2490742931755
2664844t.fits,-22.387243802641233,163.1246358479133,925,0.0979503989031969,1280.7489932398319,1321.249318918
2517603t.fits,-26.074363699031895,188.99344041152332,946,0.15112800537831628,1280.7484654387326,1321.2491683023889
2402898t.fits,19.790410958102676,119.79974502397916,951,0.13877804811757843,1280.752257391749,1321.252926941327
2886457t.fits,-14.343870989764536,147.56402289651777,929,0.0781048563231294,1280.7462343884442,1321.2485586401035
2893533t.fits,-23.996183447699625,143.898424335721,925,0.07632109334529363,1280.7470156167567,1321.2485324768054
2608248t.fits,19.21556487057028,175.98877415374488,926,0.12603833130377387,1280.7487778687816,1321.2492741866415
2518994t.fits,-25.607814748504577,174.47787939848237,948,0.13107236013941362,1280.7483211168167,1321.2491407420769
3026023t.fits,-3.0987664273239828,139.9135425001886,931,0.09238346741595782,1280.7443279343624,1321.2480709554347
2517392t.fits,-26.105544160127415,192.07254606852294,934,0.15604781668589002,1280.74833609375,1321.249199299148
2400803t.fits,22.54474106769912,121.7318696564881,945,0.13671099332771897,1280.7519885887036,1321.2529978020543
2305315t.fits,-26.244178243390312,285.589543159843,965,0.20443755742268507,1280.7520414453998,1321.2530134643114
2426309t.fits,1.537768274055938,127.21301190305127,967,0.23064797136652365,1280.753047564664,1321.2541621219964
2899731t.fits,-26.358879743107615,184.32801618414817,921,0.1186665318871586,1280.7470972372396,1321.248537304469
3020074t.fits,19.082793998893163,200.64315376626635,932,0.18073740654495163,1280.7442826511904,1321.2481133050376
2456078t.fits,-17.918052670051388,106.11199676725812,996,0.09099403284112831,1280.7531157678982,1321.2538223988204
3036061t.fits,-21.26232705582676,197.7115042385442,945,0.17519353673495408,1280.7441416703664,1321.247768790782
2921567t.fits,-19.498997045831615,181.6476414718123,921,0.12284005669820731,1280.7473047254923,1321.248537343705
2890541t.fits,-19.110539787418688,201.9240273733993,924,0.13904165715655936,1280.7460044207603,1321.248514912067
2762212t.fits,7.482346430821644,184.62106300487093,949,0.13464207427007116,1280.7487268855843,1321.2493962709837
3028682t.fits,-12.254548393174566,197.53553508617424,926,0.17505867206295955,1280.744231575138,1321.24785647659
3024146t.fits,2.4602881629076676,204.92991701704975,926,0.1891169560759275,1280.7442161910449,1321.2480891592434
2513087t.fits,-25.49788914027727,157.49596584888212,933,0.10757868636900103,1280.7483918447417,1321.2491545815126
2518792t.fits,-25.631197040102098,117.50440812657396,959,0.06668889950232347,1280.7483666885512,1321.2491680244161
3024508t.fits,0.8126713127675149,175.7559885954198,946,0.14433998580438587,1280.7442317935743,1321.248083486673
2893659t.fits,-24.169638203874644,104.6035893143553,923,0.04420054414305529,1280.7469880548167,1321.2485310059092
2872719t.fits,16.948201360455087,144.41803297648903,928,0.0755001459225607,1280.7467356038708,1321.2485002587816
2889476t.fits,-16.93409046095953,184.3502253994804,934,0.11692468047872215,1280.7461200466641,1321.2484755097514
2375262t.fits,22.63643408061933,103.99895059694904,944,0.10910404883442808,1280.7519654891992,1321.2527228322872
2606383t.fits,21.766893715436147,166.5704035411623,925,0.11660594098280573,1280.7488241632782,1321.2492647613212
2586110t.fits,25.635111253734028,156.08048583659684,937,0.10823529167230993,1280.7487822212925,1321.2492724187496
3018747t.fits,21.890295960591956,201.045149811346,931,0.18726760978686544,1280.7443955632825,1321.2480500055487
2469443t.fits,22.32130117073753,154.42128311128715,944,0.11768496758012678,1280.7481676954012,1321.2488854469507
2607206t.fits,20.649241523276732,174.51718412618928,941,0.12578908532906832,1280.7486828816802,1321.249303202839
2400192t.fits,23.023097617887927,88.34926724772728,943,0.08223340635183915,1280.7520079382396,1321.2529577399634
2539693t.fits,-20.723590825534792,198.15607081304537,944,0.15966404895626335,1280.7484909608884,1321.2491594835274
2885926t.fits,-13.119053299638445,192.77570030202523,926,0.11771273756373027,1280.746204070817,1321.2485732189057
2631491t.fits,-22.110583604233703,181.22412394892055,924,0.13871701165684494,1280.7488491925276,1321.2492147469852
3014259t.fits,26.25460713046739,174.09029949280747,948,0.1328129924748655,1280.7433664527216,1321.2477833088155
2498665t.fits,-6.352862825548421,130.5910383629678,941,0.08851074175603306,1280.7484201400937,1321.2490067936442
2886076t.fits,-13.4979637510102,162.63351678513956,925,0.08653479232705806,1280.7462367238,1321.2485644894182
2845946t.fits,18.58418060517373,150.94879453555586,941,0.07971760297384649,1280.7460084982217,1321.2485065743892
2539895t.fits,-20.44098374643908,191.51960244891995,954,0.15092097909243377,1280.7484483762353,1321.249178871221
2305334t.fits,-26.376238728734624,268.0914987744367,972,0.18166325266639766,1280.7520414453998,1321.2530134643114
3062013t.fits,-26.436215353468,189.83694853272652,925,0.12194915709944909,1280.744212186226,1321.247789430413
2305637t.fits,-26.356503585166298,276.01270908245374,935,0.1866488066818543,1280.7519911027998,1321.2529924849207
2991173t.fits,24.82910093419185,182.69512302979055,938,0.12648852597282473,1280.7436597543,1321.2476713289716
2732076t.fits,26.487675302558134,196.07347324584072,920,0.15400878666615897,1280.748944244764,1321.2492804379488
2632656t.fits,-23.179050892780594,144.16960413385385,931,0.09364465646654355,1280.7488253980607,1321.2492527831091
2763627t.fits,4.142407482593437,190.1545406583059,931,0.1403737488177377,1280.7488039810478,1321.2493857561174
2305513t.fits,-26.374931725439033,255.28502769268493,935,0.15511285991099383,1280.7520292905149,1321.253015273904
2899137t.fits,-26.23977963021565,199.62627349455354,935,0.13781228926312647,1280.7471350917472,1321.2485047853656
2921717t.fits,-19.188900663240663,148.46961231476945,922,0.08510265115112392,1280.7474329304846,1321.2484863636003
2510533t.fits,-24.583123705679753,168.08883727520637,932,0.11969794159079197,1280.748481483613,1321.249101440635
2586109t.fits,25.637236463246918,156.10921618633967,937,0.10835514502397248,1280.7487822212925,1321.2492724187496
2876331t.fits,7.18080060286751,185.85178836793335,931,0.1174989856204634,1280.746920791694,1321.2485763633233
2892738t.fits,-23.02553795073174,185.59573035852566,921,0.12198951321061964,1280.747001251024,1321.2485116547136
2446326t.fits,-25.775514110715022,151.1351986226385,935,0.13399656846798455,1280.7527607032032,1321.2538753677143
2882684t.fits,-4.260640718654807,191.58007081457774,925,0.12910170149276276,1280.7468860168835,1321.2485391204502
3036059t.fits,-21.256541928912906,197.91984920965868,944,0.17582812738529596,1280.7441416703664,1321.247768790782
2623375t.fits,-11.236215452351276,161.56221061047137,919,0.10983472773512698,1280.7488258942305,1321.2491900592868
2499893t.fits,-8.562323815963016,128.34224126698356,929,0.0859111224511282,1280.7482839212344,1321.2490669579813
2510786t.fits,-24.764968487721966,144.57919709680877,932,0.09234060522425334,1280.748468850813,1321.2491065003264
2868862t.fits,25.073835504589994,58.427123652797476,936,0.020648986633156806,1280.7462811519908,1321.24853821278
2920292t.fits,-21.731575113943517,187.18089831568832,954,0.13066672565233814,1280.74752895463,1321.2484576866548
2732627t.fits,26.622960197011263,194.11418252948368,933,0.1508657714195526,1280.7488535799553,1321.2492933228812
2747573t.fits,22.60661890568394,192.18983797650395,966,0.14695070057198995,1280.7487852206677,1321.2493588330972
2305641t.fits,-26.380068550642854,278.67078635679445,936,0.19016432929901325,1280.7519911027998,1321.2529924849207
2305342t.fits,-26.422850564577608,272.0451070362258,977,0.18768700924036227,1280.7520414453998,1321.2530134643114
2892357t.fits,-22.707995493650653,150.0646714605943,929,0.08382285944777719,1280.7470928716384,1321.2484820436837
3062341t.fits,-26.27299252568143,196.5433034942382,936,0.12865120519256987,1280.744024262365,1321.2478628723036
3021282t.fits,11.363423452707714,186.96297590882023,957,0.1640782980565524,1280.7443026587664,1321.2481242458791
3036186t.fits,-21.429243528733682,176.42237712254916,945,0.14134791903856508,1280.7442123548838,1321.24776435982
2877207t.fits,5.626957209917404,196.90707049740035,945,0.13160791443155076,1280.7467959353928,1321.2485353906347
2893661t.fits,-24.175242629897607,100.38250055414647,923,0.04120253994444678,1280.7469880548167,1321.2485310059092
2438245t.fits,-26.319406371908045,147.8959049290457,942,0.12911663325547149,1280.752780978586,1321.253884923169
2585535t.fits,25.04848265196038,178.18501125087315,940,0.1365817424363369,1280.7487753002663,1321.2492536173572
2487038t.fits,17.692557653183513,127.4946263532822,930,0.09243798125160918,1280.7480060992254,1321.2490758082233
2619704t.fits,-2.2022509193621165,158.5886304981929,927,0.12157470090740713,1280.748753254822,1321.249159378838
2438462t.fits,-26.306231301913527,143.9984589860265,946,0.12449175424092199,1280.7528649312549,1321.25386319311
2608251t.fits,19.2069477518308,191.1134204919296,924,0.1464255621662453,1280.7487778687816,1321.2492741866415
2503021t.fits,-15.819216909865439,170.2784181084991,936,0.13868566741592156,1280.748307591628,1321.2491748383081
2619893t.fits,-2.53424929131479,185.83099474328452,937,0.16042504905392455,1280.7487094990718,1321.249221906472
2663153t.fits,-24.076452183151623,192.5738420396487,928,0.1295770150530702,1280.7488924429424,1321.2493378182942
2503606t.fits,-16.90953517592233,162.3676741014437,934,0.12525950641409178,1280.7483082405922,1321.2491300518252
2921412t.fits,-19.79916348880506,198.173680903007,926,0.14370299756969385,1280.7474009197551,1321.2484958156517
2876916t.fits,5.9880621457559275,201.41013331357516,924,0.1384078024030603,1280.7468959196833,1321.248533552817
2889903t.fits,-17.850405434872066,170.28416747273602,930,0.10149181867034202,1280.7459477175112,1321.2485435058318
2375012t.fits,22.142360155311987,106.2010229007733,945,0.1309585628692383,1280.7518987800527,1321.2527814366908
2509195t.fits,-23.525828618356208,96.87809094752741,937,0.047366461798700854,1280.7484342573453,1321.2490642435446
2608076t.fits,19.455938802540043,190.66362548086428,923,0.1454963305998177,1280.748815340357,1321.249230735613
3014261t.fits,26.249558224854365,161.9128118237012,948,0.11598477225867729,1280.7433664527216,1321.2477833088155
2502383t.fits,-14.353811016657527,158.54267328292454,934,0.12044054292171008,1280.7483498068,1321.2490797421844
2893808t.fits,-24.35023147608304,199.56383658055321,923,0.13925594235514557,1280.746957457705,1321.2485211456885
2872005t.fits,18.85162111786093,194.0919910346382,942,0.13339754439882065,1280.7468701238604,1321.248464114589
2898955t.fits,-26.235116275668737,156.67799452725708,928,0.08792932551728375,1280.7471697752242,1321.2484784408957
2630604t.fits,-21.33505635039526,159.17815289229424,921,0.11000355739310994,1280.7488635119935,1321.2492244313378
2893202t.fits,-23.627309279034364,188.75083263248342,921,0.125857156814233,1280.7469185019556,1321.248516608038
2447919t.fits,-24.704298270220413,145.11119957536167,937,0.12383189502315146,1280.7526371623574,1321.2539187323484
2517810t.fits,-26.004631750089388,185.43586308857192,942,0.1464470217702819,1280.7483537345006,1321.2491734438063
2400987t.fits,22.346505169037087,99.20776740478139,950,0.09905576067136106,1280.7520389390036,1321.2530299958544
2504190t.fits,-17.775678386297297,151.96232944596613,932,0.10905128682162613,1280.7483257529323,1321.2491404998962
2454340t.fits,-20.677050144275338,137.37365393991794,949,0.11543089245972739,1280.753044729883,1321.253896116753
2631713t.fits,-22.448191149189917,145.26507735907887,923,0.09408854287835328,1280.7489119537813,1321.249212236833
2585918t.fits,25.49739420502844,169.87840416279622,937,0.12436912854768581,1280.7488351075308,1321.2492354485046
3028422t.fits,-11.456762080691911,180.65777508853324,928,0.14843938806239906,1280.7442317238863,1321.2479272166688
2618988t.fits,-0.816722851506488,175.41442168198705,954,0.14391205469906826,1280.748718326506,1321.2491871088098
2920642t.fits,-21.209212602475382,171.61610671061655,934,0.11062607586993127,1280.7474414765275,1321.2484943634356
2876038t.fits,7.8116014222735535,193.32162810644755,925,0.12138177029526559,1280.7469784633684,1321.248529784108
2426773t.fits,-0.09500688321858727,118.28092926627528,969,0.19760344218602477,1280.7530473647384,1321.2540974775957
2898835t.fits,-26.420405990964237,189.43105807569037,928,0.12513259152588824,1280.7471748200871,1321.2484462049133
2733555t.fits,26.37343845689212,140.47942578170623,922,0.08737856590674588,1280.748901439112,1321.2492814967245
2512280t.fits,-24.8279617343399,184.232088868242,932,0.14159746231736203,1280.7484314027135,1321.2491473713742
2623982t.fits,-12.246719884465621,181.76107745012487,953,0.13631737660537213,1280.748796964157,1321.2492041626317
2515175t.fits,-26.168963299657577,73.60856284531805,962,0.031303036620873484,1280.7483588139933,1321.2491701411266
2584647t.fits,24.22085206255119,179.5118606118019,937,0.13043978912603937,1280.7488340290163,1321.2492352668844
2447652t.fits,-24.81195917526492,151.61764011040947,941,0.13291744750901485,1280.7526298645155,1321.253911861934
2512886t.fits,-25.2792346963992,164.76239722850232,930,0.1161929581921739,1280.7486125949038,1321.2490958448202
2305622t.fits,-26.25881961771609,285.80986557726374,934,0.2010966005568267,1280.7519911027998,1321.2529924849207
2305321t.fits,-26.284651791569136,275.4313660902711,964,0.1911693644355366,1280.7520414453998,1321.2530134643114
2602580t.fits,25.90798481200679,149.52583447862523,923,0.09654455559813932,1280.7487783953768,1321.2492950928913
2400515t.fits,22.834173093011604,116.7036642724008,944,0.1280749787584509,1280.7520074655176,1321.2530014456731
2885236t.fits,-11.201903504469863,104.95769241643039,935,0.039343815256764274,1280.7465539777684,1321.2485768468007
2491248t.fits,8.997200627882977,158.69364019966682,940,0.12981231612342192,1280.7482367874795,1321.2490369693114
2758788t.fits,16.175996110773152,145.82799943020788,927,0.08128524694154633,1280.7489374327238,1321.2493480392445
2762401t.fits,6.884323291784905,176.48346885997734,951,0.12502695830681526,1280.7487461447256,1321.2493558518124
3021157t.fits,11.684031650983519,192.29124377833818,972,0.1736823272797133,1280.7444095815688,1321.2480975973517
2630002t.fits,-20.780341970058238,195.18203599651153,923,0.15639912744820192,1280.7487902793916,1321.2492203749143
2629586t.fits,-20.28738630000137,181.21532141700288,920,0.13634248830468643,1280.748753661494,1321.2492084255236
2601160t.fits,26.571677368456623,138.4950880623684,929,0.08422288815606244,1280.7487809830648,1321.2492893938224
2401501t.fits,21.443559828083927,112.31286472379105,944,0.12255856247719651,1280.7522551471734,1321.2529371673436
2869213t.fits,24.374794150822545,156.08149416723805,957,0.10637975397170162,1280.7465096732215,1321.2485446894045
2493565t.fits,4.499568263561677,151.368046443764,948,0.12708703806529228,1280.7484450833167,1321.2490619512607
2456423t.fits,-17.196936976865555,88.25771056716616,961,0.06403448004685587,1280.7533439408442,1321.2539762520769
2401326t.fits,21.891835189963885,113.54718310900574,945,0.12361630546687799,1280.752149740752,1321.2529494494513
2488516t.fits,14.980831156431224,129.0055498823935,932,0.09410014796825816,1280.748085550149,1321.2490871187752
2623779t.fits,-11.916013621275784,192.22823321652209,935,0.1492958392636072,1280.7486902014252,1321.2492325286096
2540882t.fits,-18.937278321741342,138.833997646059,977,0.08844869077614866,1280.7485550043314,1321.2491711101552
2513206t.fits,-25.542427434047113,184.77780065469017,932,0.14297020364696295,1280.7484316556356,1321.2491288062197
2584247t.fits,23.919986794819657,162.4799689899811,977,0.10991481094528585,1280.7487259026125,1321.2492296942562
3019346t.fits,20.736458847843423,190.21126739649458,945,0.17322656890383265,1280.7442728957085,1321.248036641455
2437420t.fits,-26.20247840246803,154.554715284326,963,0.13681495499881846,1280.7526438406828,1321.2539589312605
2758619t.fits,16.511992241278858,183.7066607393679,926,0.12557291476524257,1280.7488942135633,1321.2493312610613
2900852t.fits,-25.732829617439,127.15861796822323,941,0.058921889639462904,1280.747276074566,1321.2485042779008
2631934t.fits,-22.653463719813725,108.70115610860803,922,0.058995027685171245,1280.748892167594,1321.2492417228204
3015181t.fits,25.60734444515299,93.61520126369099,929,0.04520151781822977,1280.7442290122935,1321.2477081412358
2890706t.fits,-19.43374050669177,176.24266320810534,922,0.10873827608186136,1280.7460863759234,1321.248472942424
2872413t.fits,17.625905927317806,186.7818122371391,946,0.12303744236494132,1280.746744376499,1321.2485947293017
3019059t.fits,20.88901182971247,179.93697290190335,932,0.15262721345763408,1280.7441922366784,1321.2480968837215
2893050t.fits,-23.42270531634168,195.7589044911506,921,0.13369611223206485,1280.7469592959455,1321.2484929389054
2883235t.fits,-6.180532589305561,197.56010146066143,943,0.138164720215605,1280.7468479515178,1321.248576347531
2899576t.fits,-26.276657386769337,198.246989281003,921,0.13602979823638514,1280.7471262923825,1321.2485577366951
2747763t.fits,22.337519351342056,196.45904156600238,977,0.152019539381541,1280.7488150779868,1321.2493314853668
2601381t.fits,26.47103536034102,190.9419354273807,926,0.14573014642502172,1280.74881266254,1321.2492427130235
2487041t.fits,17.683046450959687,142.6245791946002,930,0.11173163085822818,1280.7480060992254,1321.2490758082233
2624701t.fits,-14.185557816525607,84.85107595552736,935,0.03998868804715689,1280.748717321947,1321.2492261500336
2457063t.fits,-16.84699867259785,136.04772849400152,962,0.12021097757167813,1280.7531790528728,1321.2541038377176
2886458t.fits,-14.346877415469512,150.70251857942242,926,0.08102507328521015,1280.7462343884442,1321.2485586401035
2402897t.fits,19.793724977944485,118.57486357692989,952,0.13661298603677455,1280.752257391749,1321.252926941327
2606074t.fits,22.355859200278932,166.18066293892994,930,0.11551484061092371,1280.7488023790588,1321.24925546098
2991715t.fits,25.488465243993588,178.45152671683712,935,0.12910456400187062,1280.7443654184374,1321.2475703356172
2868489t.fits,25.396563364660086,182.93923745120773,973,0.1429086880075197,1280.746288729912,1321.2484642610389
2882221t.fits,-3.241604261609972,201.3931699249755,924,0.13886527329902093,1280.7466716797653,1321.248561448297
2631141t.fits,-21.824376067111988,198.48470529572705,928,0.15808448627982538,1280.7488906192718,1321.2492163997188
2513088t.fits,-25.500406854775772,151.35553031499333,932,0.10023530600484817,1280.7483918447417,1321.2491545815126
3028554t.fits,-11.81200322298005,185.5355163882791,926,0.15514850115888396,1280.7442232178732,1321.2479168183052
2731445t.fits,26.300155893119857,184.8180160946316,939,0.138006148432204,1280.7490168977583,1321.249250544492
2637584t.fits,-26.20955558292715,170.29035417467904,924,0.1234621763653689,1280.7489322210808,1321.2492291656558
2624393t.fits,-13.02809229567373,153.90759789453546,928,0.10094696019517543,1280.7487243432688,1321.2492180338656
2426306t.fits,1.5474298189214697,131.2702102642946,967,0.24301649746633053,1280.753047564664,1321.2541621219964
2401155t.fits,22.31543168698124,121.4473665742618,956,0.1373989087988554,1280.7521142765852,1321.2529536226853
2733204t.fits,26.443159400229984,168.37469697960418,926,0.11897386738716896,1280.748872353652,1321.2492762181096
2456077t.fits,-17.91747976123145,107.69825801441465,996,0.09257145834453495,1280.7531157678982,1321.2538223988204
3019780t.fits,19.812303527825623,157.56431646985592,934,0.11600081275058524,1280.7442386395414,1321.2480671818926
2446212t.fits,-25.854587720864828,129.73769622971457,935,0.10433163641312687,1280.7526477982572,1321.253913048409
2921568t.fits,-19.500675779590782,160.8704760276559,922,0.09863782479762623,1280.7473047254923,1321.248537343705
2540642t.fits,-19.254573236609353,190.67132072785816,987,0.15149123443471002,1280.748623224688,1321.2491661717324
3018605t.fits,22.13147375752036,190.47016908149794,934,0.16960394694241576,1280.7442750667487,1321.2481181903693
2990301t.fits,23.74842622218972,179.70074167132466,930,0.12256941532531415,1280.7442446956898,1321.247752419368
3018748t.fits,21.888261310629037,201.17977789414854,931,0.18668393876942152,1280.7443955632825,1321.2480500055487
2747241t.fits,22.99516050180121,110.40456061222238,932,0.058014863296353,1280.7488326756406,1321.249336108961
3019935t.fits,19.4081840765871,185.4684858339867,935,0.15678946476040867,1280.7442279311133,1321.2481390797795
2665314t.fits,-21.89616290803435,194.46258040162476,938,0.1320874558602304,1280.748793856798,1321.2493896705066
2900406t.fits,-25.960020970789458,182.4547451984877,938,0.11627728210546168,1280.747253439461,1321.2484801307348
3024949t.fits,-0.3169052334009103,166.24780377782088,926,0.12851911606498412,1280.7443049215192,1321.2480782053005
2510302t.fits,-24.289055707412977,191.09132803778587,933,0.15338876894937212,1280.7484605391346,1321.2491135311948
3024507t.fits,0.8155678669173092,175.79896921168438,946,0.14411395191148524,1280.7442317935743,1321.248083486673
3013910t.fits,26.313671146403536,150.5905778559868,932,0.1030700019420358,1280.7442763364147,1321.2476762705746
2412965t.fits,15.343903511924486,143.55521934168354,953,0.2850295774813411,1280.7522410695917,1321.2529915112373
2601016t.fits,26.48404201716873,176.06459535051388,927,0.1260871641487091,1280.7488235900921,1321.24922132608
2871543t.fits,19.74430990575095,177.02032565911335,927,0.11103572268955429,1280.7467128620642,1321.2485106957101
2636902t.fits,-26.13369886697077,192.91225725190105,935,0.15665950660503422,1280.7487667013381,1321.2492439384152
3012996t.fits,26.470823971093704,192.22105517520853,929,0.15673558176017838,1280.744123091086,1321.2476813675669
2305638t.fits,-26.362485924456752,274.373398046009,935,0.1847057925517537,1280.7519911027998,1321.2529924849207
2498306t.fits,-5.847940554280666,167.69242431214082,937,0.13661021913053742,1280.748454224431,1321.2489807402258
2607041t.fits,20.92335692890704,128.42428262765077,936,0.07512423536371382,1280.7487521171627,1321.2493072652135
2920132t.fits,-21.995426024166672,191.83151195851602,962,0.13626957127261707,1280.7475739957677,1321.2484315628233
2899138t.fits,-26.242397167736012,203.44555749314665,935,0.14284637230832492,1280.7471350917472,1321.2485047853656
3062338t.fits,-26.265211929816942,186.01062462774527,936,0.11497859056978674,1280.744024262365,1321.2478628723036
3029245t.fits,-13.597503480293096,146.92296324597038,942,0.1042446199292871,1280.744208950131,1321.2478362516217
2399821t.fits,23.51020678488392,99.99876856542407,943,0.10142978213267992,1280.7520330141317,1321.2529772068838
2492620t.fits,5.996560418836379,156.0518556422211,930,0.1322479984204762,1280.7481799352463,1321.2490388823833
2763942t.fits,3.554667454042738,109.18889913776059,931,0.05660040410063838,1280.7487227810007,1321.2493744160065
2886079t.fits,-13.506129856336248,160.99426861337773,925,0.08487798851730434,1280.7462367238,1321.2485644894182
2454912t.fits,-19.783477729857946,132.28464280855326,941,0.1054804620055695,1280.7530836866479,1321.2538754305033
2516071t.fits,-26.249763018047982,189.6358583559005,934,0.1509312947293619,1280.7483016987496,1321.2491670075292
2889631t.fits,-17.131061545248183,204.27538607362408,937,0.14206773800689085,1280.7460886461163,1321.2484704477135
2499712t.fits,-8.278954328590592,168.49726993182736,929,0.13696393932408063,1280.748181082462,1321.2490440711279
2898696t.fits,-26.19422819628409,121.10913434259837,925,0.05578682094631133,1280.747232681598,1321.2484730048443
2454689t.fits,-20.088897850835757,128.56392257792132,941,0.09972730760401666,1280.7531498234841,1321.253836669148
2305634t.fits,-26.33526105722255,282.3383232995599,935,0.19695656844487594,1280.7519911027998,1321.2529924849207
2305337t.fits,-26.393806299994072,259.6846296026269,975,0.17067325185870835,1280.7520414453998,1321.2530134643114
2632655t.fits,-23.17619782474994,142.6726731888124,932,0.09180370037549937,1280.7488253980607,1321.2492527831091
2732075t.fits,26.489693174899294,197.99758398306938,920,0.155954180633942,1280.748944244764,1321.2492804379488
2513610t.fits,-25.76452451590476,190.97183088381752,932,0.15181932153107525,1280.7484332169677,1321.249172507902
2607697t.fits,19.889647953160733,197.99349165126688,940,0.1568411692214543,1280.7487004613895,1321.2492384040927
2305510t.fits,-26.327873522646577,251.14378233879881,934,0.1499825460315014,1280.7520292905149,1321.253015273904
2763624t.fits,4.151424815377444,183.15100828521986,931,0.13180708745761083,1280.7488039810478,1321.2493857561174
2631492t.fits,-22.113468838048664,170.23913693175635,924,0.1246781318775247,1280.7488491925276,1321.2492147469852
3018344t.fits,22.144413621387038,194.7956436728627,932,0.1775089120392938,1280.7443329649436,1321.2480814336325
2467157t.fits,16.823302424760563,129.4281638784854,937,0.08738443212226589,1280.748418935893,1321.2489395745324
2759318t.fits,15.066261401272895,181.68388167477363,927,0.12257663011917205,1280.7488650409168,1321.2493418861816
2437986t.fits,-26.339878686459553,151.32146652739695,977,0.1353561228930214,1280.7528146677382,1321.2539171620288
2539896t.fits,-20.44263828385084,199.62355455618064,954,0.1622961700561658,1280.7484483762353,1321.249178871221
2845945t.fits,18.585779312559467,148.45050832553883,941,0.07745671090169227,1280.7460084982217,1321.2485065743892
3025738t.fits,-2.088715549330415,200.1953952857262,935,0.17718913405656714,1280.7442910272207,1321.2480620309786
2426460t.fits,0.9754802558498568,144.77788420991976,960,0.2797490091610061,1280.7531449552512,1321.2541007736884
2607205t.fits,20.652098109888332,174.32435718552046,941,0.12552406657268664,1280.7486828816802,1321.249303202839
2400191t.fits,23.026293261170455,91.26677366959024,943,0.08627447203621176,1280.7520079382396,1321.2529577399634
2885925t.fits,-13.116310051307051,187.64319232263742,926,0.11185253795900979,1280.746204070817,1321.2485732189057
2509618t.fits,-23.93506008313632,181.55585498408698,934,0.14498279986859916,1280.7484523467836,1321.2490907997862
2763100t.fits,5.388020257087607,175.9843308035312,929,0.12334682320535735,1280.7488488941187,1321.2493801705398
2664428t.fits,-22.822196466965355,179.5994613893662,938,0.11404117901817121,1280.7488159254399,1321.2493354470237
2889475t.fits,-16.931196513352138,184.42863540599453,934,0.11672791081897235,1280.7461200466641,1321.2484755097514
3028681t.fits,-12.251803200978223,198.54186844370773,926,0.17691466525312033,1280.744231575138,1321.24785647659
2762211t.fits,7.485224100095294,192.917556104162,949,0.14483248646404406,1280.7487268855843,1321.2493962709837
2890542t.fits,-19.11346181041636,198.17172928373134,924,0.1346855478164846,1280.7460044207603,1321.248514912067
2402544t.fits,21.091359725031186,107.71332757640883,950,0.1165609747711725,1280.7522003676092,1321.252966302613
2601157t.fits,26.57790498680515,158.63793784565772,929,0.1060150246950779,1280.7487809830648,1321.2492893938224
2510108t.fits,-24.299181615663684,182.23489469234445,934,0.14112156509921958,1280.7484804978276,1321.2491033348892
2454339t.fits,-20.675353815714256,140.61735336041068,949,0.11981343833596055,1280.753044729883,1321.253896116753
2455847t.fits,-18.20945880769474,113.71230350659256,939,0.09247948309654051,1280.7531136637847,1321.2538116317974
3024145t.fits,2.4632417716887867,198.5163389079686,926,0.17847783591505914,1280.7442161910449,1321.2480891592434
2518791t.fits,-25.629028721041266,131.9737715056235,959,0.08079692119554052,1280.7483666885512,1321.2491680244161
2899732t.fits,-26.36092727823612,178.25823150122096,921,0.11138045902428842,1280.7470972372396,1321.248537304469
2305316t.fits,-26.25108671509054,288.84735541632585,965,0.20860664417403588,1280.7520414453998,1321.2530134643114
3036062t.fits,-21.26521863886388,200.02008118660802,944,0.17937993698966576,1280.7441416703664,1321.247768790782
2746883t.fits,23.659255839862812,180.11558324495155,950,0.13084135978927286,1280.7488898598588,1321.249310848223
2732273t.fits,26.549395609298752,191.4424668568817,935,0.14900568743125236,1280.7490306111645,1321.249217653069
2665072t.fits,-22.11527889900164,186.99417475609127,935,0.12311207577817172,1280.7488694229785,1321.249345169605
2763121t.fits,5.142269553395767,171.52322268675084,929,0.11686886576451991,1280.7488488941187,1321.2493801705398
2413112t.fits,15.352813141616325,137.86950321193248,978,0.2536178833189572,1280.7523107400114,1321.252965773064
2746685t.fits,23.82968881572023,183.01811599859363,931,0.1340582737678598,1280.748838658912,1321.249325390814
2762914t.fits,5.773274155270862,131.53925855930237,932,0.07501550022720885,1280.7487080419223,1321.249385613169
2487394t.fits,17.084252831529277,158.37415806253196,933,0.1338877877805343,1280.748082274553,1321.2490742931755
3036729t.fits,-22.29018183576226,169.28036582089166,944,0.12984075993283564,1280.7442154200603,1321.2478000874476
2890860t.fits,-19.6583596479953,203.8447636849503,922,0.14263387445399936,1280.7461029496035,1321.2484857750028
2663793t.fits,-23.464162238515854,184.7360576904455,958,0.12118357454082948,1280.7489017950684,1321.249358545954
2518997t.fits,-25.612889384275416,167.2755240557186,949,0.12146428624926293,1280.7483211168167,1321.2491407420769
2499892t.fits,-8.559387565470196,129.84955283743136,929,0.08772675049667973,1280.7482839212344,1321.2490669579813
2623374t.fits,-11.23321182693282,165.74063161455248,919,0.11461411097334086,1280.7488258942305,1321.2491900592868
2515178t.fits,-26.178195270339458,79.66385400406183,962,0.03544697472797007,1280.7483588139933,1321.2491701411266
2631489t.fits,-22.104620969395963,175.27872774184317,924,0.1305452061050808,1280.7488491925276,1321.2492147469852
3021283t.fits,11.360558276784534,186.15044386211844,957,0.16324797564295015,1280.7443026587664,1321.2481242458791
3062340t.fits,-26.27040172028984,198.2819764730825,936,0.12966361074276958,1280.744024262365,1321.2478628723036
2892356t.fits,-22.70512406349685,166.10600021493195,929,0.10083701760982478,1280.7470928716384,1321.2484820436837
2890086t.fits,-18.120085997476725,184.71698780141412,941,0.11811476632619437,1280.7459815693203,1321.2484923163524
2305343t.fits,-26.428244264363546,271.65084582004766,977,0.1872608343067708,1280.7520414453998,1321.2530134643114
2305640t.fits,-26.374408525316117,269.1969555790914,935,0.17760032418804192,1280.7519911027998,1321.2529924849207
2920293t.fits,-21.733561751943277,194.01731606204132,954,0.1392018105293103,1280.74752895463,1321.2484576866548
2868863t.fits,25.07160863776006,61.534398815983266,936,0.022553600806011827,1280.7462811519908,1321.24853821278
2586108t.fits,25.639353163928092,149.73778481429116,937,0.1007909571689499,1280.7487822212925,1321.2492724187496
2510532t.fits,-24.58036197247511,164.47422741386882,932,0.11531910365570112,1280.748481483613,1321.249101440635
2921716t.fits,-19.18713536646567,138.60339435796175,922,0.07523878513868879,1280.7474329304846,1321.2484863636003
2882533t.fits,-3.9280578402945743,175.53882644108182,925,0.10953275711737735,1280.746684945077,1321.2485430758554
2620900t.fits,-4.876101774892936,164.27230114064213,924,0.1282376746733584,1280.7487612701022,1321.2492034608947
3024510t.fits,0.8068966490679621,163.63118808330316,952,0.12648623324404387,1280.7442317935743,1321.248083486673
2446327t.fits,-25.777966352082306,146.14953044250993,935,0.12707470330327886,1280.7527607032032,1321.2538753677143
2892739t.fits,-23.028338794786734,188.1773232307551,921,0.12496844621884137,1280.747001251024,1321.2485116547136
2882980t.fits,-5.145041709108811,127.91520503473308,926,0.062166472910022,1280.7469178404667,1321.2485754435797
2502382t.fits,-14.350815821954068,162.90183041715892,934,0.12648337326412412,1280.7483498068,1321.2490797421844
3014260t.fits,26.252085065429856,173.14061274370758,948,0.1312236722758559,1280.7433664527216,1321.2477833088155
2608077t.fits,19.45301344964643,195.3721210395222,923,0.15222604508562826,1280.748815340357,1321.249230735613
2375013t.fits,22.140285373655914,101.02873180290565,945,0.1214283192418297,1280.7518987800527,1321.2527814366908
2889902t.fits,-17.848384878970144,161.44599199781712,930,0.09204362878096263,1280.7459477175112,1321.2485435058318
2872004t.fits,18.85423192336389,190.15797345803327,942,0.1288760022936718,1280.7468701238604,1321.248464114589
2438463t.fits,-26.30879763437059,144.77756176948628,946,0.12561764506247963,1280.7528649312549,1321.25386319311
2619705t.fits,-2.205209049627094,161.47511444838113,927,0.12536666926927487,1280.748753254822,1321.249159378838
2487039t.fits,17.689186359171433,142.19848137066188,930,0.11139389096777155,1280.7480060992254,1321.2490758082233
2585534t.fits,25.05070667550132,182.99245031089202,940,0.14345414015938265,1280.7487753002663,1321.2492536173572
2438244t.fits,-26.316971319781413,149.58984432011525,942,0.1324674208446137,1280.752780978586,1321.253884923169
2872720t.fits,16.945223076042012,166.78204052286162,929,0.09833909839149707,1280.7467356038708,1321.2485002587816
2893660t.fits,-24.172440482588048,106.33145566267179,923,0.04548446186683612,1280.7469880548167,1321.2485310059092
2877206t.fits,5.629153813988936,196.63722392883543,946,0.13073184240762759,1280.7467959353928,1321.2485353906347
3036187t.fits,-21.43214119592198,180.4900259577968,945,0.14817380357710377,1280.7442123548838,1321.24776435982
2503607t.fits,-16.912337796858214,157.13693604334765,934,0.11812290132093056,1280.7483082405922,1321.2491300518252
2663152t.fits,-24.074527332817922,188.24325478867735,928,0.12441631202057767,1280.7488924429424,1321.2493378182942
2608250t.fits,19.209824235940278,190.0377509513984,924,0.14551397690481588,1280.7487778687816,1321.2492741866415
2618989t.fits,-0.8194935306902967,167.52044486795265,954,0.1333369832746366,1280.748718326506,1321.2491871088098
3028423t.fits,-11.459563287571967,174.46964965819186,928,0.1393879045000004,1280.7442317238863,1321.2479272166688
2585919t.fits,25.49522559357075,176.63117844568623,937,0.1335988278892781,1280.7488351075308,1321.2492354485046
2733554t.fits,26.37609858510162,134.35798934653644,924,0.08130589767067944,1280.748901439112,1321.2492814967245
2763280t.fits,4.9607865404204095,195.12660606005366,929,0.14700849050507278,1280.7487431578713,1321.2493828674353
2898834t.fits,-26.41825378305338,187.6648338228014,928,0.12252277150459144,1280.7471748200871,1321.2484462049133
2426772t.fits,-0.09143106687522112,81.76098399768213,969,0.10972628728831059,1280.7530473647384,1321.2540974775957
2876039t.fits,7.808536606763675,189.17328119118548,926,0.11695708460326952,1280.7469784633684,1321.248529784108
2920643t.fits,-21.21113440928566,179.6936829000168,933,0.12012374898161218,1280.7474414765275,1321.2484943634356
2893805t.fits,-24.341632727321652,202.47636725299267,923,0.14339278757466953,1280.746957457705,1321.2485211456885
2400986t.fits,22.3498505697682,102.41976603262663,950,0.10383399786815622,1280.7520389390036,1321.2530299958544
2447918t.fits,-24.702311636680662,146.28515571088903,937,0.12551502694474737,1280.7526371623574,1321.2539187323484
2509198t.fits,-23.534303160960484,100.38971071423867,937,0.050138082916859034,1280.7484342573453,1321.2490642435446
2893203t.fits,-23.630112656507585,178.82177318337898,921,0.11379377071712106,1280.7469185019556,1321.248516608038
2517811t.fits,-26.00702414938631,186.03179243507014,942,0.1471362796017312,1280.7483537345006,1321.2491734438063
2630605t.fits,-21.337939087537148,167.76691645861996,921,0.1200996082175883,1280.7488635119935,1321.2492244313378
2898958t.fits,-26.243170277804225,156.29171406392194,928,0.08769206254595682,1280.7471697752242,1321.2484784408957
2631712t.fits,-22.445372525442338,147.98659746504794,923,0.09683209437041355,1280.7489119537813,1321.249212236833
2454341t.fits,-20.678710796692215,136.6548171656972,949,0.1141641531604317,1280.753044729883,1321.253896116753
3024657t.fits,0.4113932598130653,143.92771422166803,941,0.09969666283312474,1280.7442720436923,1321.2481041315298
2487959t.fits,16.04070452956838,116.80381513660116,930,0.08054112655110929,1280.7480119207555,1321.2490974872483
2488517t.fits,14.977646478114004,119.85072087523083,932,0.08324372911715178,1280.748085550149,1321.2490871187752
3024952t.fits,-0.3261442118885074,161.26987353008968,926,0.12136552033127938,1280.7443049215192,1321.2480782053005
2493564t.fits,4.50263404962276,128.73332746942663,948,0.09560870332966542,1280.7484450833167,1321.2490619512607
2456422t.fits,-17.195759917728303,98.1300815181916,961,0.07484230334683796,1280.7533439408442,1321.2539762520769
2869212t.fits,24.377774279216336,162.46143867009377,957,0.11402158102608825,1280.7465096732215,1321.2485446894045
2455389t.fits,-18.858361904374316,41.41144586826586,967,0.018871955590613033,1280.7530896834583,1321.253871362868
2401500t.fits,21.44704733275512,112.74671150782666,945,0.12323344525209949,1280.7522551471734,1321.2529371673436
3015180t.fits,25.61001584234065,92.67089096067623,929,0.044346642072321245,1280.7442290122935,1321.2477081412358
2631935t.fits,-22.65629576798857,106.11307909657668,922,0.05713552193785705,1280.748892167594,1321.2492417228204
2900853t.fits,-25.735586816046027,198.67763426704576,940,0.13107216619703543,1280.747276074566,1321.2485042779008
2758618t.fits,16.514977264565765,178.56252046925178,926,0.11957791459504741,1280.7488942135633,1321.2493312610613
2437421t.fits,-26.20508839568354,152.05672480690404,963,0.1334726348313134,1280.7526438406828,1321.2539589312605
2513207t.fits,-25.545082176762513,185.4371818258095,932,0.14460793888708653,1280.7484316556356,1321.2491288062197
2540883t.fits,-18.938767381703983,128.3389647577537,977,0.07782593807565177,1280.7485550043314,1321.2491711101552
2400514t.fits,22.837258005255283,114.25816601391023,944,0.12442133993986805,1280.7520074655176,1321.2530014456731
2517180t.fits,-26.150119539537428,177.1268894274814,935,0.13507121989602347,1280.7483287597383,1321.2492331219582
2602581t.fits,25.905452913248602,154.71617670418885,923,0.10264030939221185,1280.7487783953768,1321.2492950928913
2305320t.fits,-26.277967631226662,280.8345927307948,965,0.19799626071671206,1280.7520414453998,1321.2530134643114
2305623t.fits,-26.26537095303399,284.01946755358574,934,0.19754923621794906,1280.7519911027998,1321.2529924849207
2513607t.fits,-25.75670446893117,188.36492741475996,932,0.14801943105548748,1280.7484332169677,1321.249172507902
2512887t.fits,-25.28195707997659,157.1095861674939,930,0.10651713727459934,1280.7486125949038,1321.2490958448202
2447653t.fits,-24.814185525965314,142.41262147406857,941,0.11911350316893014,1280.7526298645155,1321.253911861934
2584646t.fits,24.222964070038163,176.7594134027636,937,0.12627057331282585,1280.7488340290163,1321.2492352668844
2515174t.fits,-26.166296720111685,92.77310429816885,962,0.044958318132311395,1280.7483588139933,1321.2491701411266
2305507t.fits,-26.283123492946928,3.7613397324046955,934,0.0005735198988376319,1280.7520292905149,1321.253015273904
2623983t.fits,-12.249718525690932,181.6200088085014,954,0.13566524214545422,1280.748796964157,1321.2492041626317
2512281t.fits,-24.83075265913527,182.22337984762368,932,0.13934985204647166,1280.7484314027135,1321.2491473713742
2629587t.fits,-20.29029512520014,181.47397179163232,920,0.1367777427405093,1280.748753661494,1321.2492084255236
2630003t.fits,-20.783196028576995,191.88207785203386,923,0.15200546103912435,1280.7487902793916,1321.2492203749143
3021156t.fits,11.686732691920279,192.65399942413157,972,0.17385056631348772,1280.7444095815688,1321.2480975973517
2491249t.fits,8.994036152474399,157.67057642557182,940,0.12776963830982868,1280.7482367874795,1321.2490369693114
2758789t.fits,16.173002091049067,144.53805138982906,927,0.0802469522505814,1280.7489374327238,1321.2493480392445
2885237t.fits,-11.204584427471136,112.81577892327142,935,0.044627242202590615,1280.7465539777684,1321.2485768468007
2731444t.fits,26.3022589588214,186.12666196568495,939,0.1396395846272986,1280.7490168977583,1321.249250544492
3024148t.fits,2.4543743034601477,202.71943722061047,926,0.18598215678712315,1280.7442161910449,1321.2480891592434
2499231t.fits,-7.249142164220212,161.15020604249602,932,0.1269858268424185,1280.7483059201352,1321.2490532661338
2513089t.fits,-25.502917870407384,141.89786558250756,933,0.08976309037108199,1280.7483918447417,1321.2491545815126
3028555t.fits,-11.8148745174697,171.61412573314124,926,0.1352084757419472,1280.7442232178732,1321.2479168183052
2631140t.fits,-21.82150535704993,196.58999694396766,927,0.15628155463643847,1280.7488906192718,1321.2492163997188
2868488t.fits,25.39910014386629,177.82832732488185,973,0.13529803509648225,1280.746288729912,1321.2484642610389
2990300t.fits,23.74996265280618,179.03305358905524,931,0.121691246461605,1280.7442446956898,1321.247752419368
3018604t.fits,22.133687330128666,190.90263814884793,934,0.1700722956044843,1280.7442750667487,1321.2481181903693
3019781t.fits,19.809599289195578,166.02149654374662,935,0.12830246309019797,1280.7442386395414,1321.2480671818926
2921569t.fits,-19.50222826680531,160.40736511030542,922,0.09795682428738442,1280.7473047254923,1321.248537343705
2446213t.fits,-25.85709173737775,111.17808654129253,935,0.08049230929248706,1280.7526477982572,1321.253913048409
2456076t.fits,-17.916880357561876,104.01041679780063,996,0.08774412374943534,1280.7531157678982,1321.2538223988204
2401154t.fits,22.317855541223587,120.92254636993123,956,0.13629757681600094,1280.7521142765852,1321.2529536226853
2426307t.fits,1.5442334324150588,127.43411759513788,967,0.2301327219744832,1280.753047564664,1321.2541621219964
2637585t.fits,-26.212193544226448,174.6658299681331,924,0.12878607390150573,1280.7489322210808,1321.2492291656558
2883234t.fits,-6.1776182513692985,198.71443340688393,943,0.13990741347254151,1280.7468479515178,1321.248576347531
2893051t.fits,-23.425498858363508,195.8982546949517,921,0.13407250648490646,1280.7469592959455,1321.2484929389054
3019058t.fits,20.891846060828712,178.85443129959128,932,0.15090683223632329,1280.7441922366784,1321.2480968837215
2872412t.fits,17.628878064174355,196.64205146044236,946,0.13513805584609406,1280.746744376499,1321.2485947293017
2606075t.fits,22.353368198072143,162.01648285657615,929,0.11063743455465198,1280.7488023790588,1321.24925546098
2402896t.fits,19.797062409771236,119.9317244549527,952,0.1389933217672171,1280.752257391749,1321.252926941327
2624700t.fits,-14.182541866538063,90.12832982239603,935,0.043802595652806135,1280.748717321947,1321.2492261500336
2487040t.fits,17.68599454270972,136.73268441825013,930,0.10410218814907574,1280.7480060992254,1321.2490758082233
2747762t.fits,22.340373456524492,193.4402247193027,977,0.14814315106328554,1280.7488150779868,1321.2493314853668
2487962t.fits,16.031149344466947,112.20074314371871,930,0.07511482694414388,1280.7480119207555,1321.2490974872483
2899577t.fits,-26.279111266424387,197.8979890417349,921,0.1352826084338227,1280.7471262923825,1321.2485577366951
3062339t.fits,-26.267808869418317,197.61026814343992,936,0.12937148309929053,1280.744024262365,1321.2478628723036
3029244t.fits,-13.594907970723694,153.5967641247034,942,0.11266802086799126,1280.744208950131,1321.2478362516217
2899139t.fits,-26.245011610442848,202.71099105447902,935,0.14230636040182224,1280.7471350917472,1321.2485047853656
2920133t.fits,-21.997373704620564,187.6815172643066,964,0.13141741053967645,1280.7475739957677,1321.2484315628233
2607040t.fits,20.926209202956244,125.54103238773385,936,0.07251523158806425,1280.7487521171627,1321.2493072652135
2498307t.fits,-5.85021922840825,169.0166843796884,937,0.13813921137919555,1280.748454224431,1321.2489807402258
2305639t.fits,-26.368254199925712,270.6747335937629,936,0.1805060713759716,1280.7519911027998,1321.2529924849207
2499713t.fits,-8.281557280550315,168.1130498765749,929,0.13666833183222993,1280.748181082462,1321.2490440711279
2732630t.fits,26.617301792165545,198.7504918962091,933,0.15787610304091873,1280.7488535799553,1321.2492933228812
2516070t.fits,-26.247156305202346,187.76577820733675,934,0.14869431467364935,1280.7483016987496,1321.2491670075292
2759315t.fits,15.075199484357412,174.90083109170743,927,0.11456120382989955,1280.7488650409168,1321.2493418861816
2454913t.fits,-19.78512539512814,133.60787161629204,937,0.10753840728880135,1280.7530836866479,1321.2538754305033
2886078t.fits,-13.503415821363086,149.08678996032077,925,0.07382887207960799,1280.7462367238,1321.2485644894182
2763943t.fits,3.551706790925359,86.15555483651212,931,0.03932680051038987,1280.7487227810007,1321.2493744160065
2492621t.fits,5.993498288984134,159.79825262607693,930,0.13805832083355327,1280.7481799352463,1321.2490388823833
2399820t.fits,23.513440499934568,104.02710766962845,943,0.1081391857114849,1280.7520330141317,1321.2529772068838
2885928t.fits,-13.124524217822774,190.9503981053959,926,0.11561067946181877,1280.746204070817,1321.2485732189057
2510303t.fits,-24.292035571268325,190.56798620496636,933,0.15270965798129135,1280.7484605391346,1321.2491135311948
2637136t.fits,-26.164967825827347,201.9677574850449,928,0.17052230628453355,1280.7487857062195,1321.2492557282799
2900407t.fits,-25.96250028823874,152.86654919163408,939,0.08345560145838284,1280.747253439461,1321.2484801307348
2665315t.fits,-21.897827652908852,193.25161914574494,938,0.13018899543926518,1280.748793856798,1321.2493896705066
3019934t.fits,19.411081301069586,175.42825491139254,935,0.14194424445652598,1280.7442279311133,1321.2481390797795
2747240t.fits,22.997986805484512,104.70388007804226,931,0.053197517435346155,1280.7488326756406,1321.249336108961
2872286t.fits,18.204606171931935,81.76529712903009,953,0.029323247425761603,1280.746831818476,1321.2485371457817
2892740t.fits,-23.03114893216906,188.93207714474087,921,0.125961837487883,1280.747001251024,1321.2485116547136
2901013t.fits,-25.681656242263774,187.2291984321109,940,0.1202043493872764,1280.7473306891193,1321.2484873214687
2872717t.fits,16.954158661321813,159.998236520016,928,0.09113268552650836,1280.7467356038708,1321.2485002587816
2889478t.fits,-16.939878408163377,183.30434124269146,934,0.1161670509719161,1280.7461200466641,1321.2484755097514
2636903t.fits,-26.136370420258746,191.37242277736405,935,0.15488694978909584,1280.7487667013381,1321.2492439384152
2601017t.fits,26.481550356944204,177.02108992796502,927,0.12716057409957096,1280.7488235900921,1321.24922132608
2412964t.fits,15.346943186097592,143.33858197585084,954,0.2850949883289309,1280.7522410695917,1321.2529915112373
2664425t.fits,-22.81638322748339,175.33703598193992,938,0.10924711539053994,1280.7488159254399,1321.2493354470237
2469803t.fits,22.84528778215315,133.7015637580115,936,0.09139938371328252,1280.7481356292803,1321.2489573866262
3013911t.fits,26.310995304517395,149.81054342122053,932,0.10125629310109917,1280.7442763364147,1321.2476762705746
2400190t.fits,23.02947730383655,95.94836936875997,943,0.09331789084944522,1280.7520079382396,1321.2529577399634
3025739t.fits,-2.090943085427962,201.05369293461038,935,0.1785810866744939,1280.7442910272207,1321.2480620309786
2607204t.fits,20.654953881716203,165.04820882100188,941,0.11440416492927388,1280.7486828816802,1321.249303202839
2426461t.fits,0.9720126738389809,144.29985776263413,960,0.2769419012257807,1280.7531449552512,1321.2541007736884
3018745t.fits,21.894327725614943,198.81600417952907,931,0.18287900787056977,1280.7443955632825,1321.2480500055487
2584250t.fits,23.915073547102413,167.92600025118915,977,0.11639600450854722,1280.7487259026125,1321.2492296942562
2759873t.fits,14.095007966940829,176.2379796943808,936,0.1165275694560895,1280.748942418898,1321.2493287036434
2509619t.fits,-23.937839153327733,181.97668405534031,934,0.14564407939592589,1280.7484523467836,1321.2490907997862
2763625t.fits,4.148413350694435,189.99213376781526,931,0.1399242322022309,1280.7488039810478,1321.2493857561174
2732074t.fits,26.49170093972851,196.80222062517072,920,0.15450832419182914,1280.748944244764,1321.2492804379488
2632654t.fits,-23.173346663705956,154.1168061363216,931,0.10404562202096715,1280.7488253980607,1321.2492527831091
2504884t.fits,-19.397861099345754,155.6375840861013,956,0.11651655178420338,1280.7482266925513,1321.2491752115463
2305336t.fits,-26.38801037583121,265.92488055422075,974,0.1779629905241393,1280.7520414453998,1321.2530134643114
2305635t.fits,-26.34129550818962,276.27956082486065,935,0.18847330826718664,1280.7519911027998,1321.2529924849207
2454688t.fits,-20.087248687002553,129.32091553884487,941,0.10059576269302355,1280.7531498234841,1321.253836669148
2898697t.fits,-26.19724586041284,117.77330305336704,925,0.052641461090980016,1280.747232681598,1321.2484730048443
2539897t.fits,-20.444279263068346,201.6290996742198,954,0.16578300517317945,1280.7484483762353,1321.249178871221
2845944t.fits,18.587365934519127,170.53924154572672,941,0.09996257220932028,1280.7460084982217,1321.2485065743892
2437987t.fits,-26.342488071749212,150.30573689485152,977,0.1346969667457637,1280.7528146677382,1321.2539171620288
2467156t.fits,16.824616544499705,131.46851119549987,937,0.09022158052678186,1280.748418935893,1321.2489395745324
2746684t.fits,23.832515390532134,172.95608388898327,931,0.12224175227152921,1280.748838658912,1321.249325390814
3026021t.fits,-3.0932126279277927,173.9902767552982,932,0.13771672321711742,1280.7443279343624,1321.2480709554347
2413113t.fits,15.349303872500814,138.2024171443374,978,0.2541743348446832,1280.7523107400114,1321.252965773064
2665073t.fits,-22.11714292140331,182.05136833666313,935,0.11785995084748639,1280.7488694229785,1321.249345169605
2763120t.fits,5.144311605109679,172.60675834079333,929,0.11905271667298119,1280.7488488941187,1321.2493801705398
2876040t.fits,7.805484344647969,183.63619063802372,926,0.11083669100484639,1280.7469784633684,1321.248529784108
2518996t.fits,-25.611210265956963,164.89459371505203,948,0.11858553579743437,1280.7483211168167,1321.2491407420769
2663792t.fits,-23.462162708327657,178.2222031078299,958,0.1138813707893651,1280.7489017950684,1321.249358545954
2886455t.fits,-14.337858888268478,165.49088225864432,926,0.09628217265723552,1280.7462343884442,1321.2485586401035
2890861t.fits,-19.66130026247375,202.66648557202424,922,0.14125630806957373,1280.7461029496035,1321.2484857750028
3036728t.fits,-22.287405524019825,172.65477047197834,944,0.13434949353122072,1280.7442154200603,1321.2478000874476
3024660t.fits,0.4025659417167191,99.20490485820173,941,0.05187191397488829,1280.7442720436923,1321.2481041315298
2921409t.fits,-19.79379895964116,198.4427043664616,926,0.14353084001724897,1280.7474009197551,1321.2484958156517
2487395t.fits,17.081064853271396,155.37145485525738,933,0.13044852560113113,1280.748082274553,1321.2490742931755
2518790t.fits,-25.62684952694754,120.26951302087508,959,0.06929546568313863,1280.7483666885512,1321.2491680244161
2454338t.fits,-20.673667976961113,143.800021131031,949,0.12425302466715611,1280.753044729883,1321.253896116753
2455846t.fits,-18.208103055070026,113.98598133101363,939,0.09273451130083708,1280.7531136637847,1321.2538116317974
2991718t.fits,25.483681758639396,184.08253991653336,935,0.13698992470279797,1280.7443654184374,1321.2475703356172
2510109t.fits,-24.301922799709885,174.36692434145166,934,0.1303981144188358,1280.7484804978276,1321.2491033348892
2638077t.fits,-26.219938530514035,196.72148889554973,940,0.16202936772707568,1280.7488596843627,1321.2492395732934
2762210t.fits,7.488104805636536,182.78873096060562,949,0.13177785985313864,1280.7487268855843,1321.2493962709837
2504187t.fits,-17.766824366460153,162.00763407273695,932,0.12217514878688657,1280.7483257529323,1321.2491404998962
2746882t.fits,23.66209828811288,178.85344295893057,950,0.12906489754363237,1280.7488898598588,1321.249310848223
2637353t.fits,-26.192382306181983,196.9739624956873,927,0.16180995421155883,1280.7488605100086,1321.249246915967
2305317t.fits,-26.257789927126804,283.4671292532164,965,0.20305445190847624,1280.7520414453998,1321.2530134643114
2899733t.fits,-26.36296402393728,188.91945841543537,921,0.12376521293734638,1280.7470972372396,1321.248537304469
